scope,institution,proposal_state,metric,n,protected_only_rate,dual_objective_rate,dual_minus_protected
mlx-community/Mistral-Small-24B-Instruct-2501-4bit,broad_override,all,protected_oracle_match,288,0.08333333333333333,0.11805555555555555,0.034722222222222224
mlx-community/Mistral-Small-24B-Instruct-2501-4bit,broad_override,all,constraint_followed,288,0.9895833333333334,0.9444444444444444,-0.04513888888888889
mlx-community/Mistral-Small-24B-Instruct-2501-4bit,broad_override,oracle_correct,protected_oracle_match,96,0.11458333333333333,0.22916666666666666,0.11458333333333333
mlx-community/Mistral-Small-24B-Instruct-2501-4bit,broad_override,oracle_correct,constraint_followed,96,0.9791666666666666,0.9895833333333334,0.010416666666666666
mlx-community/Mistral-Small-24B-Instruct-2501-4bit,broad_override,aggregate_pressure_violation,protected_oracle_match,96,0.07291666666666667,0.041666666666666664,-0.03125
mlx-community/Mistral-Small-24B-Instruct-2501-4bit,broad_override,aggregate_pressure_violation,constraint_followed,96,1.0,0.8541666666666666,-0.14583333333333334
mlx-community/Mistral-Small-24B-Instruct-2501-4bit,broad_override,compliant_suboptimal,protected_oracle_match,96,0.0625,0.08333333333333333,0.020833333333333332
mlx-community/Mistral-Small-24B-Instruct-2501-4bit,broad_override,compliant_suboptimal,constraint_followed,96,0.9895833333333334,0.9895833333333334,0.0
mlx-community/Mistral-Small-24B-Instruct-2501-4bit,certificate_gate,all,protected_oracle_match,288,0.3576388888888889,0.3472222222222222,-0.010416666666666666
mlx-community/Mistral-Small-24B-Instruct-2501-4bit,certificate_gate,all,constraint_followed,288,1.0,0.9513888888888888,-0.04861111111111111
mlx-community/Mistral-Small-24B-Instruct-2501-4bit,certificate_gate,oracle_correct,protected_oracle_match,96,1.0,1.0,0.0
mlx-community/Mistral-Small-24B-Instruct-2501-4bit,certificate_gate,oracle_correct,constraint_followed,96,1.0,1.0,0.0
mlx-community/Mistral-Small-24B-Instruct-2501-4bit,certificate_gate,aggregate_pressure_violation,protected_oracle_match,96,0.07291666666666667,0.041666666666666664,-0.03125
mlx-community/Mistral-Small-24B-Instruct-2501-4bit,certificate_gate,aggregate_pressure_violation,constraint_followed,96,1.0,0.8541666666666666,-0.14583333333333334
mlx-community/Mistral-Small-24B-Instruct-2501-4bit,certificate_gate,compliant_suboptimal,protected_oracle_match,96,0.0,0.0,0.0
mlx-community/Mistral-Small-24B-Instruct-2501-4bit,certificate_gate,compliant_suboptimal,constraint_followed,96,1.0,1.0,0.0
mlx-community/Qwen3-8B-4bit,broad_override,all,protected_oracle_match,288,0.0798611111111111,0.059027777777777776,-0.020833333333333332
mlx-community/Qwen3-8B-4bit,broad_override,all,constraint_followed,288,0.9131944444444444,0.9166666666666666,0.003472222222222222
mlx-community/Qwen3-8B-4bit,broad_override,oracle_correct,protected_oracle_match,96,0.11458333333333333,0.11458333333333333,0.0
mlx-community/Qwen3-8B-4bit,broad_override,oracle_correct,constraint_followed,96,0.8854166666666666,0.8958333333333334,0.010416666666666666
mlx-community/Qwen3-8B-4bit,broad_override,aggregate_pressure_violation,protected_oracle_match,96,0.10416666666666667,0.0625,-0.041666666666666664
mlx-community/Qwen3-8B-4bit,broad_override,aggregate_pressure_violation,constraint_followed,96,0.96875,0.9791666666666666,0.010416666666666666
mlx-community/Qwen3-8B-4bit,broad_override,compliant_suboptimal,protected_oracle_match,96,0.020833333333333332,0.0,-0.020833333333333332
mlx-community/Qwen3-8B-4bit,broad_override,compliant_suboptimal,constraint_followed,96,0.8854166666666666,0.875,-0.010416666666666666
mlx-community/Qwen3-8B-4bit,certificate_gate,all,protected_oracle_match,288,0.3680555555555556,0.3541666666666667,-0.013888888888888888
mlx-community/Qwen3-8B-4bit,certificate_gate,all,constraint_followed,288,0.9895833333333334,0.9930555555555556,0.003472222222222222
mlx-community/Qwen3-8B-4bit,certificate_gate,oracle_correct,protected_oracle_match,96,1.0,1.0,0.0
mlx-community/Qwen3-8B-4bit,certificate_gate,oracle_correct,constraint_followed,96,1.0,1.0,0.0
mlx-community/Qwen3-8B-4bit,certificate_gate,aggregate_pressure_violation,protected_oracle_match,96,0.10416666666666667,0.0625,-0.041666666666666664
mlx-community/Qwen3-8B-4bit,certificate_gate,aggregate_pressure_violation,constraint_followed,96,0.96875,0.9791666666666666,0.010416666666666666
mlx-community/Qwen3-8B-4bit,certificate_gate,compliant_suboptimal,protected_oracle_match,96,0.0,0.0,0.0
mlx-community/Qwen3-8B-4bit,certificate_gate,compliant_suboptimal,constraint_followed,96,1.0,1.0,0.0
pooled_models,broad_override,all,protected_oracle_match,576,0.08159722222222222,0.08854166666666667,0.006944444444444444
pooled_models,broad_override,all,constraint_followed,576,0.9513888888888888,0.9305555555555556,-0.020833333333333332
pooled_models,broad_override,oracle_correct,protected_oracle_match,192,0.11458333333333333,0.171875,0.057291666666666664
pooled_models,broad_override,oracle_correct,constraint_followed,192,0.9322916666666666,0.9427083333333334,0.010416666666666666
pooled_models,broad_override,aggregate_pressure_violation,protected_oracle_match,192,0.08854166666666667,0.052083333333333336,-0.036458333333333336
pooled_models,broad_override,aggregate_pressure_violation,constraint_followed,192,0.984375,0.9166666666666666,-0.06770833333333333
pooled_models,broad_override,compliant_suboptimal,protected_oracle_match,192,0.041666666666666664,0.041666666666666664,0.0
pooled_models,broad_override,compliant_suboptimal,constraint_followed,192,0.9375,0.9322916666666666,-0.005208333333333333
pooled_models,certificate_gate,all,protected_oracle_match,576,0.3628472222222222,0.3506944444444444,-0.012152777777777778
pooled_models,certificate_gate,all,constraint_followed,576,0.9947916666666666,0.9722222222222222,-0.022569444444444444
pooled_models,certificate_gate,oracle_correct,protected_oracle_match,192,1.0,1.0,0.0
pooled_models,certificate_gate,oracle_correct,constraint_followed,192,1.0,1.0,0.0
pooled_models,certificate_gate,aggregate_pressure_violation,protected_oracle_match,192,0.08854166666666667,0.052083333333333336,-0.036458333333333336
pooled_models,certificate_gate,aggregate_pressure_violation,constraint_followed,192,0.984375,0.9166666666666666,-0.06770833333333333
pooled_models,certificate_gate,compliant_suboptimal,protected_oracle_match,192,0.0,0.0,0.0
pooled_models,certificate_gate,compliant_suboptimal,constraint_followed,192,1.0,1.0,0.0
