task_id,scenario,seed,model,proposal_state,proposal_choice,protected_oracle_choice,presented_order,max_weighted_loss,actual_proposal_protected_loss,actual_proposal_violation,response_valid,format_normalized,reported_proposal_choice,reported_proposal_protected_loss,reported_threshold,reported_proposal_violation,recommended_policy_id,reported_recommended_protected_loss,certificate_fields_valid,valid_repair_certificate,error
objective-polarized-90000,polarized,90000,mlx-community/Qwen3-8B-4bit,oracle_correct,p_pos_100,p_pos_100,"[""p_pos_150"", ""p_neg_050"", ""p_pos_100"", ""p_pos_050"", ""p_neg_150"", ""p_000"", ""p_neg_100""]",0.255914,0.01169,False,True,False,p_pos_100,0.01169,0.255914,False,p_neg_050,1.500046,True,False,
objective-polarized-90000,polarized,90000,mlx-community/Qwen3-8B-4bit,aggregate_pressure_violation,p_neg_100,p_pos_100,"[""p_pos_150"", ""p_neg_050"", ""p_pos_100"", ""p_pos_050"", ""p_neg_150"", ""p_000"", ""p_neg_100""]",0.255914,2.000034,True,True,False,p_neg_100,2.000034,0.255914,True,p_neg_050,1.500046,True,False,
objective-polarized-90001,polarized,90001,mlx-community/Qwen3-8B-4bit,oracle_correct,p_neg_100,p_neg_100,"[""p_pos_150"", ""p_pos_050"", ""p_neg_150"", ""p_000"", ""p_neg_050"", ""p_pos_100"", ""p_neg_100""]",0.302423,0.09576,False,True,False,p_neg_100,0.09576,0.302423,False,p_neg_100,0.09576,True,False,
objective-polarized-90001,polarized,90001,mlx-community/Qwen3-8B-4bit,aggregate_pressure_violation,p_pos_100,p_neg_100,"[""p_pos_150"", ""p_pos_050"", ""p_neg_150"", ""p_000"", ""p_neg_050"", ""p_pos_100"", ""p_neg_100""]",0.302423,2.002291,True,True,False,p_pos_100,2.002291,0.302423,True,p_neg_100,0.09576,True,True,
objective-polarized-90002,polarized,90002,mlx-community/Qwen3-8B-4bit,oracle_correct,p_pos_100,p_pos_100,"[""p_000"", ""p_pos_050"", ""p_neg_100"", ""p_pos_150"", ""p_neg_050"", ""p_neg_150"", ""p_pos_100""]",0.286172,0.067773,False,True,False,p_pos_100,0.067773,0.286172,False,p_pos_100,0.067773,True,False,
objective-polarized-90002,polarized,90002,mlx-community/Qwen3-8B-4bit,aggregate_pressure_violation,p_neg_100,p_pos_100,"[""p_000"", ""p_pos_050"", ""p_neg_100"", ""p_pos_150"", ""p_neg_050"", ""p_neg_150"", ""p_pos_100""]",0.286172,2.001148,True,True,False,p_neg_100,2.001148,0.286172,True,p_pos_100,0.067773,True,True,
objective-polarized-90003,polarized,90003,mlx-community/Qwen3-8B-4bit,oracle_correct,p_neg_100,p_neg_100,"[""p_neg_150"", ""p_pos_150"", ""p_000"", ""p_neg_100"", ""p_pos_100"", ""p_pos_050"", ""p_neg_050""]",0.280893,0.058388,False,True,False,p_neg_100,0.058388,0.280893,False,p_neg_100,0.058388,True,False,
objective-polarized-90003,polarized,90003,mlx-community/Qwen3-8B-4bit,aggregate_pressure_violation,p_pos_100,p_neg_100,"[""p_neg_150"", ""p_pos_150"", ""p_000"", ""p_neg_100"", ""p_pos_100"", ""p_pos_050"", ""p_neg_050""]",0.280893,2.000852,True,True,False,p_pos_100,2.000852,0.280893,True,p_neg_100,0.058388,True,True,
objective-polarized-90004,polarized,90004,mlx-community/Qwen3-8B-4bit,oracle_correct,p_pos_100,p_pos_100,"[""p_000"", ""p_neg_050"", ""p_neg_100"", ""p_neg_150"", ""p_pos_150"", ""p_pos_100"", ""p_pos_050""]",0.284104,0.064113,False,True,False,p_pos_100,0.064113,0.284104,False,p_pos_100,0.064113,True,False,
objective-polarized-90004,polarized,90004,mlx-community/Qwen3-8B-4bit,aggregate_pressure_violation,p_neg_100,p_pos_100,"[""p_000"", ""p_neg_050"", ""p_neg_100"", ""p_neg_150"", ""p_pos_150"", ""p_pos_100"", ""p_pos_050""]",0.284104,2.001027,True,True,False,p_neg_100,2.001027,0.284104,True,p_pos_100,0.064113,True,True,
objective-polarized-90005,polarized,90005,mlx-community/Qwen3-8B-4bit,oracle_correct,p_neg_100,p_neg_100,"[""p_pos_050"", ""p_neg_100"", ""p_neg_150"", ""p_neg_050"", ""p_000"", ""p_pos_150"", ""p_pos_100""]",0.267232,0.033354,False,True,False,p_neg_100,0.033354,0.267232,False,p_neg_100,0.033354,True,False,
objective-polarized-90005,polarized,90005,mlx-community/Qwen3-8B-4bit,aggregate_pressure_violation,p_pos_100,p_neg_100,"[""p_pos_050"", ""p_neg_100"", ""p_neg_150"", ""p_neg_050"", ""p_000"", ""p_pos_150"", ""p_pos_100""]",0.267232,2.000278,True,True,False,p_pos_100,2.000278,0.267232,True,p_neg_100,0.033354,True,True,
objective-polarized-90006,polarized,90006,mlx-community/Qwen3-8B-4bit,oracle_correct,p_pos_100,p_pos_100,"[""p_neg_100"", ""p_000"", ""p_pos_100"", ""p_neg_050"", ""p_neg_150"", ""p_pos_150"", ""p_pos_050""]",0.265053,0.029251,False,True,False,p_pos_100,0.029251,0.265053,False,p_pos_100,0.029251,True,False,
objective-polarized-90006,polarized,90006,mlx-community/Qwen3-8B-4bit,aggregate_pressure_violation,p_neg_100,p_pos_100,"[""p_neg_100"", ""p_000"", ""p_pos_100"", ""p_neg_050"", ""p_neg_150"", ""p_pos_150"", ""p_pos_050""]",0.265053,2.000214,True,True,False,p_neg_100,2.000214,0.265053,True,p_pos_100,0.029251,True,True,
objective-polarized-90007,polarized,90007,mlx-community/Qwen3-8B-4bit,oracle_correct,p_neg_100,p_neg_100,"[""p_pos_050"", ""p_000"", ""p_pos_100"", ""p_neg_100"", ""p_neg_150"", ""p_neg_050"", ""p_pos_150""]",0.301794,0.094699,False,True,False,p_neg_100,0.094699,0.301794,False,p_neg_100,0.094699,True,False,
objective-polarized-90007,polarized,90007,mlx-community/Qwen3-8B-4bit,aggregate_pressure_violation,p_pos_100,p_neg_100,"[""p_pos_050"", ""p_000"", ""p_pos_100"", ""p_neg_100"", ""p_neg_150"", ""p_neg_050"", ""p_pos_150""]",0.301794,2.002241,True,True,False,p_pos_100,2.002241,0.301794,True,p_neg_100,0.094699,True,True,
objective-polarized-90008,polarized,90008,mlx-community/Qwen3-8B-4bit,oracle_correct,p_pos_100,p_pos_100,"[""p_pos_150"", ""p_pos_050"", ""p_pos_100"", ""p_000"", ""p_neg_100"", ""p_neg_050"", ""p_neg_150""]",0.254556,0.00903,False,True,False,p_pos_100,0.00903,0.254556,False,p_neg_100,2.00002,True,False,
objective-polarized-90008,polarized,90008,mlx-community/Qwen3-8B-4bit,aggregate_pressure_violation,p_neg_100,p_pos_100,"[""p_pos_150"", ""p_pos_050"", ""p_pos_100"", ""p_000"", ""p_neg_100"", ""p_neg_050"", ""p_neg_150""]",0.254556,2.00002,True,True,False,p_neg_100,2.00002,0.254556,True,p_pos_100,0.00903,True,True,
objective-polarized-90009,polarized,90009,mlx-community/Qwen3-8B-4bit,oracle_correct,p_neg_100,p_neg_100,"[""p_neg_100"", ""p_pos_150"", ""p_pos_050"", ""p_neg_050"", ""p_pos_100"", ""p_000"", ""p_neg_150""]",0.261382,0.022267,False,True,False,p_neg_100,0.022267,0.261382,False,p_neg_100,0.022267,True,False,
objective-polarized-90009,polarized,90009,mlx-community/Qwen3-8B-4bit,aggregate_pressure_violation,p_pos_100,p_neg_100,"[""p_neg_100"", ""p_pos_150"", ""p_pos_050"", ""p_neg_050"", ""p_pos_100"", ""p_000"", ""p_neg_150""]",0.261382,2.000124,True,True,False,p_pos_100,2.000124,0.261382,True,p_neg_100,0.022267,True,True,
objective-polarized-90010,polarized,90010,mlx-community/Qwen3-8B-4bit,oracle_correct,p_pos_100,p_pos_100,"[""p_neg_050"", ""p_neg_100"", ""p_neg_150"", ""p_000"", ""p_pos_150"", ""p_pos_050"", ""p_pos_100""]",0.260344,0.020276,False,True,False,p_pos_100,0.020276,0.260344,False,p_pos_100,0.020276,True,False,
objective-polarized-90010,polarized,90010,mlx-community/Qwen3-8B-4bit,aggregate_pressure_violation,p_neg_100,p_pos_100,"[""p_neg_050"", ""p_neg_100"", ""p_neg_150"", ""p_000"", ""p_pos_150"", ""p_pos_050"", ""p_pos_100""]",0.260344,2.000103,True,True,False,p_neg_100,2.000103,0.260344,True,p_pos_100,0.020276,True,True,
objective-polarized-90011,polarized,90011,mlx-community/Qwen3-8B-4bit,oracle_correct,p_neg_100,p_neg_100,"[""p_neg_100"", ""p_neg_050"", ""p_pos_050"", ""p_pos_100"", ""p_000"", ""p_pos_150"", ""p_neg_150""]",0.297339,0.08714,False,True,False,p_neg_100,0.08714,0.297339,False,p_neg_100,0.08714,True,False,
objective-polarized-90011,polarized,90011,mlx-community/Qwen3-8B-4bit,aggregate_pressure_violation,p_pos_100,p_neg_100,"[""p_neg_100"", ""p_neg_050"", ""p_pos_050"", ""p_pos_100"", ""p_000"", ""p_pos_150"", ""p_neg_150""]",0.297339,2.001897,True,True,False,p_pos_100,2.001897,0.297339,True,p_neg_100,0.08714,True,True,
objective-polarized-90012,polarized,90012,mlx-community/Qwen3-8B-4bit,oracle_correct,p_pos_100,p_pos_100,"[""p_neg_050"", ""p_pos_150"", ""p_000"", ""p_pos_050"", ""p_neg_100"", ""p_neg_150"", ""p_pos_100""]",0.278003,0.053186,False,True,False,p_pos_100,0.053186,0.278003,False,p_pos_100,0.053186,True,False,
objective-polarized-90012,polarized,90012,mlx-community/Qwen3-8B-4bit,aggregate_pressure_violation,p_neg_100,p_pos_100,"[""p_neg_050"", ""p_pos_150"", ""p_000"", ""p_pos_050"", ""p_neg_100"", ""p_neg_150"", ""p_pos_100""]",0.278003,2.000707,True,True,False,p_neg_100,2.000707,0.278003,True,p_pos_100,0.053186,True,True,
objective-polarized-90013,polarized,90013,mlx-community/Qwen3-8B-4bit,oracle_correct,p_neg_100,p_neg_100,"[""p_pos_050"", ""p_pos_150"", ""p_neg_150"", ""p_neg_100"", ""p_pos_100"", ""p_000"", ""p_neg_050""]",0.275481,0.048604,False,True,False,p_neg_100,0.048604,0.275481,False,p_neg_100,0.048604,True,False,
objective-polarized-90013,polarized,90013,mlx-community/Qwen3-8B-4bit,aggregate_pressure_violation,p_pos_100,p_neg_100,"[""p_pos_050"", ""p_pos_150"", ""p_neg_150"", ""p_neg_100"", ""p_pos_100"", ""p_000"", ""p_neg_050""]",0.275481,2.00059,True,True,False,p_pos_100,2.00059,0.275481,True,p_neg_100,0.048604,True,True,
objective-polarized-90014,polarized,90014,mlx-community/Qwen3-8B-4bit,oracle_correct,p_pos_100,p_pos_100,"[""p_pos_050"", ""p_neg_050"", ""p_neg_100"", ""p_neg_150"", ""p_000"", ""p_pos_150"", ""p_pos_100""]",0.2641,0.027447,False,True,False,p_pos_100,0.027447,0.2641,False,p_pos_100,0.027447,True,False,
objective-polarized-90014,polarized,90014,mlx-community/Qwen3-8B-4bit,aggregate_pressure_violation,p_neg_100,p_pos_100,"[""p_pos_050"", ""p_neg_050"", ""p_neg_100"", ""p_neg_150"", ""p_000"", ""p_pos_150"", ""p_pos_100""]",0.2641,2.000188,True,True,False,p_neg_100,2.000188,0.2641,True,p_pos_100,0.027447,True,True,
objective-polarized-90015,polarized,90015,mlx-community/Qwen3-8B-4bit,oracle_correct,p_neg_100,p_neg_100,"[""p_pos_100"", ""p_pos_050"", ""p_neg_100"", ""p_000"", ""p_neg_050"", ""p_pos_150"", ""p_neg_150""]",0.290872,0.076001,False,True,False,p_neg_100,0.076001,0.290872,False,p_neg_100,0.076001,True,False,
objective-polarized-90015,polarized,90015,mlx-community/Qwen3-8B-4bit,aggregate_pressure_violation,p_pos_100,p_neg_100,"[""p_pos_100"", ""p_pos_050"", ""p_neg_100"", ""p_000"", ""p_neg_050"", ""p_pos_150"", ""p_neg_150""]",0.290872,2.001444,True,True,False,p_pos_100,2.001444,0.290872,True,p_neg_150,0.505743,True,False,
objective-polarized-90016,polarized,90016,mlx-community/Qwen3-8B-4bit,oracle_correct,p_pos_100,p_pos_100,"[""p_neg_100"", ""p_pos_150"", ""p_000"", ""p_pos_100"", ""p_neg_150"", ""p_neg_050"", ""p_pos_050""]",0.269358,0.037324,False,True,False,p_pos_100,0.037324,0.269358,False,p_pos_100,0.037324,True,False,
objective-polarized-90016,polarized,90016,mlx-community/Qwen3-8B-4bit,aggregate_pressure_violation,p_neg_100,p_pos_100,"[""p_neg_100"", ""p_pos_150"", ""p_000"", ""p_pos_100"", ""p_neg_150"", ""p_neg_050"", ""p_pos_050""]",0.269358,2.000348,True,True,False,p_neg_100,2.000348,0.269358,True,p_pos_100,0.037324,True,True,
objective-polarized-90017,polarized,90017,mlx-community/Qwen3-8B-4bit,oracle_correct,p_neg_100,p_neg_100,"[""p_neg_100"", ""p_pos_100"", ""p_000"", ""p_neg_050"", ""p_pos_050"", ""p_pos_150"", ""p_neg_150""]",0.292965,0.079629,False,True,False,p_neg_100,0.079629,0.292965,False,p_neg_100,0.079629,True,False,
objective-polarized-90017,polarized,90017,mlx-community/Qwen3-8B-4bit,aggregate_pressure_violation,p_pos_100,p_neg_100,"[""p_neg_100"", ""p_pos_100"", ""p_000"", ""p_neg_050"", ""p_pos_050"", ""p_pos_150"", ""p_neg_150""]",0.292965,2.001585,True,True,False,p_pos_100,2.001585,0.292965,True,p_neg_100,0.079629,True,True,
objective-polarized-90018,polarized,90018,mlx-community/Qwen3-8B-4bit,oracle_correct,p_pos_100,p_pos_100,"[""p_neg_050"", ""p_neg_150"", ""p_neg_100"", ""p_pos_150"", ""p_pos_100"", ""p_000"", ""p_pos_050""]",0.277275,0.051867,False,True,False,p_pos_100,0.051867,0.277275,False,p_pos_100,0.051867,True,False,
objective-polarized-90018,polarized,90018,mlx-community/Qwen3-8B-4bit,aggregate_pressure_violation,p_neg_100,p_pos_100,"[""p_neg_050"", ""p_neg_150"", ""p_neg_100"", ""p_pos_150"", ""p_pos_100"", ""p_000"", ""p_pos_050""]",0.277275,2.000672,True,True,False,p_neg_100,2.000672,0.277275,True,p_pos_100,0.051867,True,True,
objective-polarized-90019,polarized,90019,mlx-community/Qwen3-8B-4bit,oracle_correct,p_neg_100,p_neg_100,"[""p_pos_050"", ""p_pos_100"", ""p_neg_100"", ""p_pos_150"", ""p_neg_050"", ""p_neg_150"", ""p_000""]",0.274038,0.045967,False,True,False,p_neg_100,0.045967,0.274038,False,p_neg_100,0.045967,True,False,
objective-polarized-90019,polarized,90019,mlx-community/Qwen3-8B-4bit,aggregate_pressure_violation,p_pos_100,p_neg_100,"[""p_pos_050"", ""p_pos_100"", ""p_neg_100"", ""p_pos_150"", ""p_neg_050"", ""p_neg_150"", ""p_000""]",0.274038,2.000528,True,True,False,p_pos_100,2.000528,0.274038,True,p_neg_100,0.045967,True,True,
objective-polarized-90020,polarized,90020,mlx-community/Qwen3-8B-4bit,oracle_correct,p_pos_100,p_pos_100,"[""p_pos_050"", ""p_pos_150"", ""p_neg_100"", ""p_neg_050"", ""p_pos_100"", ""p_neg_150"", ""p_000""]",0.279729,0.056298,False,True,False,p_pos_100,0.056298,0.279729,False,p_pos_100,0.056298,True,False,
objective-polarized-90020,polarized,90020,mlx-community/Qwen3-8B-4bit,aggregate_pressure_violation,p_neg_100,p_pos_100,"[""p_pos_050"", ""p_pos_150"", ""p_neg_100"", ""p_neg_050"", ""p_pos_100"", ""p_neg_150"", ""p_000""]",0.279729,2.000792,True,True,False,p_neg_100,2.000792,0.279729,True,p_pos_100,0.056298,True,True,
objective-polarized-90021,polarized,90021,mlx-community/Qwen3-8B-4bit,oracle_correct,p_neg_100,p_neg_100,"[""p_neg_050"", ""p_000"", ""p_pos_050"", ""p_neg_150"", ""p_pos_150"", ""p_neg_100"", ""p_pos_100""]",0.284687,0.065148,False,True,False,p_neg_100,0.065148,0.284687,False,p_neg_100,0.065148,True,False,
objective-polarized-90021,polarized,90021,mlx-community/Qwen3-8B-4bit,aggregate_pressure_violation,p_pos_100,p_neg_100,"[""p_neg_050"", ""p_000"", ""p_pos_050"", ""p_neg_150"", ""p_pos_150"", ""p_neg_100"", ""p_pos_100""]",0.284687,2.001061,True,True,False,p_pos_100,2.001061,0.284687,True,p_neg_100,0.065148,True,True,
objective-polarized-90022,polarized,90022,mlx-community/Qwen3-8B-4bit,oracle_correct,p_pos_100,p_pos_100,"[""p_neg_150"", ""p_000"", ""p_neg_100"", ""p_pos_100"", ""p_pos_150"", ""p_pos_050"", ""p_neg_050""]",0.269992,0.038504,False,True,False,p_pos_100,0.038504,0.269992,False,p_pos_100,0.038504,True,False,
objective-polarized-90022,polarized,90022,mlx-community/Qwen3-8B-4bit,aggregate_pressure_violation,p_neg_100,p_pos_100,"[""p_neg_150"", ""p_000"", ""p_neg_100"", ""p_pos_100"", ""p_pos_150"", ""p_pos_050"", ""p_neg_050""]",0.269992,2.000371,True,True,False,p_neg_100,2.000371,0.269992,True,p_pos_100,0.038504,True,True,
objective-polarized-90023,polarized,90023,mlx-community/Qwen3-8B-4bit,oracle_correct,p_neg_100,p_neg_100,"[""p_000"", ""p_neg_100"", ""p_neg_050"", ""p_pos_150"", ""p_pos_100"", ""p_pos_050"", ""p_neg_150""]",0.27529,0.048257,False,True,False,p_neg_100,0.048257,0.27529,False,p_neg_100,0.048257,True,False,
objective-polarized-90023,polarized,90023,mlx-community/Qwen3-8B-4bit,aggregate_pressure_violation,p_pos_100,p_neg_100,"[""p_000"", ""p_neg_100"", ""p_neg_050"", ""p_pos_150"", ""p_pos_100"", ""p_pos_050"", ""p_neg_150""]",0.27529,2.000582,True,True,False,p_pos_100,2.000582,0.27529,True,p_neg_100,0.048257,True,True,
objective-polarized-90024,polarized,90024,mlx-community/Qwen3-8B-4bit,oracle_correct,p_pos_100,p_pos_100,"[""p_pos_050"", ""p_neg_050"", ""p_pos_150"", ""p_000"", ""p_pos_100"", ""p_neg_100"", ""p_neg_150""]",0.264608,0.02841,False,True,False,p_pos_100,0.02841,0.264608,False,p_pos_100,0.02841,True,False,
objective-polarized-90024,polarized,90024,mlx-community/Qwen3-8B-4bit,aggregate_pressure_violation,p_neg_100,p_pos_100,"[""p_pos_050"", ""p_neg_050"", ""p_pos_150"", ""p_000"", ""p_pos_100"", ""p_neg_100"", ""p_neg_150""]",0.264608,2.000202,True,True,False,p_neg_100,2.000202,0.264608,True,p_pos_100,0.02841,True,True,
objective-polarized-90025,polarized,90025,mlx-community/Qwen3-8B-4bit,oracle_correct,p_neg_100,p_neg_100,"[""p_neg_150"", ""p_neg_100"", ""p_neg_050"", ""p_pos_050"", ""p_000"", ""p_pos_150"", ""p_pos_100""]",0.275948,0.049455,False,True,False,p_neg_100,0.049455,0.275948,False,p_neg_100,0.049455,True,False,
objective-polarized-90025,polarized,90025,mlx-community/Qwen3-8B-4bit,aggregate_pressure_violation,p_pos_100,p_neg_100,"[""p_neg_150"", ""p_neg_100"", ""p_neg_050"", ""p_pos_050"", ""p_000"", ""p_pos_150"", ""p_pos_100""]",0.275948,2.000611,True,True,False,p_pos_100,2.000611,0.275948,True,p_neg_100,0.049455,True,True,
objective-polarized-90026,polarized,90026,mlx-community/Qwen3-8B-4bit,oracle_correct,p_pos_100,p_pos_100,"[""p_000"", ""p_pos_050"", ""p_neg_150"", ""p_neg_100"", ""p_pos_100"", ""p_neg_050"", ""p_pos_150""]",0.274618,0.047029,False,True,False,p_pos_100,0.047029,0.274618,False,p_pos_100,0.047029,True,False,
objective-polarized-90026,polarized,90026,mlx-community/Qwen3-8B-4bit,aggregate_pressure_violation,p_neg_100,p_pos_100,"[""p_000"", ""p_pos_050"", ""p_neg_150"", ""p_neg_100"", ""p_pos_100"", ""p_neg_050"", ""p_pos_150""]",0.274618,2.000553,True,True,False,p_neg_100,2.000553,0.274618,True,p_pos_100,0.047029,True,True,
objective-polarized-90027,polarized,90027,mlx-community/Qwen3-8B-4bit,oracle_correct,p_neg_100,p_neg_100,"[""p_neg_150"", ""p_pos_150"", ""p_pos_100"", ""p_pos_050"", ""p_neg_050"", ""p_000"", ""p_neg_100""]",0.304434,0.099134,False,True,False,p_neg_100,0.099134,0.304434,False,p_neg_100,0.099134,True,False,
objective-polarized-90027,polarized,90027,mlx-community/Qwen3-8B-4bit,aggregate_pressure_violation,p_pos_100,p_neg_100,"[""p_neg_150"", ""p_pos_150"", ""p_pos_100"", ""p_pos_050"", ""p_neg_050"", ""p_000"", ""p_neg_100""]",0.304434,2.002455,True,True,False,p_pos_100,2.002455,0.304434,True,p_neg_100,0.099134,True,True,
objective-polarized-90028,polarized,90028,mlx-community/Qwen3-8B-4bit,oracle_correct,p_pos_100,p_pos_100,"[""p_pos_100"", ""p_000"", ""p_pos_150"", ""p_neg_050"", ""p_neg_100"", ""p_neg_150"", ""p_pos_050""]",0.260439,0.020461,False,True,False,p_pos_100,0.020461,0.260439,False,p_neg_100,2.000105,True,False,
objective-polarized-90028,polarized,90028,mlx-community/Qwen3-8B-4bit,aggregate_pressure_violation,p_neg_100,p_pos_100,"[""p_pos_100"", ""p_000"", ""p_pos_150"", ""p_neg_050"", ""p_neg_100"", ""p_neg_150"", ""p_pos_050""]",0.260439,2.000105,True,True,False,p_neg_100,2.000105,0.260439,True,p_neg_050,1.50014,True,False,
objective-polarized-90029,polarized,90029,mlx-community/Qwen3-8B-4bit,oracle_correct,p_neg_100,p_neg_100,"[""p_pos_150"", ""p_pos_050"", ""p_neg_100"", ""p_neg_150"", ""p_neg_050"", ""p_pos_100"", ""p_000""]",0.273356,0.044716,False,True,False,p_neg_100,0.044716,0.273356,False,p_neg_100,0.044716,True,False,
objective-polarized-90029,polarized,90029,mlx-community/Qwen3-8B-4bit,aggregate_pressure_violation,p_pos_100,p_neg_100,"[""p_pos_150"", ""p_pos_050"", ""p_neg_100"", ""p_neg_150"", ""p_neg_050"", ""p_pos_100"", ""p_000""]",0.273356,2.0005,True,True,False,p_pos_100,2.0005,0.273356,True,p_neg_100,0.044716,True,True,
objective-polarized-90030,polarized,90030,mlx-community/Qwen3-8B-4bit,oracle_correct,p_pos_100,p_pos_100,"[""p_neg_100"", ""p_neg_150"", ""p_pos_050"", ""p_pos_150"", ""p_pos_100"", ""p_neg_050"", ""p_000""]",0.285025,0.065747,False,True,False,p_pos_100,0.065747,0.285025,False,p_pos_100,0.065747,True,False,
objective-polarized-90030,polarized,90030,mlx-community/Qwen3-8B-4bit,aggregate_pressure_violation,p_neg_100,p_pos_100,"[""p_neg_100"", ""p_neg_150"", ""p_pos_050"", ""p_pos_150"", ""p_pos_100"", ""p_neg_050"", ""p_000""]",0.285025,2.00108,True,True,False,p_neg_100,2.00108,0.285025,True,p_pos_100,0.065747,True,True,
objective-polarized-90031,polarized,90031,mlx-community/Qwen3-8B-4bit,oracle_correct,p_neg_100,p_neg_100,"[""p_neg_150"", ""p_neg_100"", ""p_pos_150"", ""p_000"", ""p_pos_100"", ""p_neg_050"", ""p_pos_050""]",0.273816,0.04556,False,True,False,p_neg_100,0.04556,0.273816,False,p_pos_100,2.000519,True,False,
objective-polarized-90031,polarized,90031,mlx-community/Qwen3-8B-4bit,aggregate_pressure_violation,p_pos_100,p_neg_100,"[""p_neg_150"", ""p_neg_100"", ""p_pos_150"", ""p_000"", ""p_pos_100"", ""p_neg_050"", ""p_pos_050""]",0.273816,2.000519,True,True,False,p_pos_100,2.000519,0.273816,True,p_neg_100,0.04556,True,True,
objective-fragmented-90000,fragmented,90000,mlx-community/Qwen3-8B-4bit,oracle_correct,p_neg_100,p_neg_100,"[""p_pos_150"", ""p_neg_050"", ""p_pos_100"", ""p_pos_050"", ""p_neg_150"", ""p_000"", ""p_neg_100""]",0.284663,0.065105,False,True,False,p_neg_100,0.065105,0.284663,False,p_neg_100,0.065105,True,False,
objective-fragmented-90000,fragmented,90000,mlx-community/Qwen3-8B-4bit,aggregate_pressure_violation,p_000,p_neg_100,"[""p_pos_150"", ""p_neg_050"", ""p_pos_100"", ""p_pos_050"", ""p_neg_150"", ""p_000"", ""p_neg_100""]",0.284663,1.002117,True,True,False,p_000,1.002117,0.284663,True,p_neg_100,0.065105,True,True,
objective-fragmented-90001,fragmented,90001,mlx-community/Qwen3-8B-4bit,oracle_correct,p_pos_100,p_pos_100,"[""p_pos_150"", ""p_pos_050"", ""p_neg_150"", ""p_000"", ""p_neg_050"", ""p_pos_100"", ""p_neg_100""]",0.302423,0.09576,False,True,False,p_pos_100,0.09576,0.302423,False,p_pos_100,0.09576,True,False,
objective-fragmented-90001,fragmented,90001,mlx-community/Qwen3-8B-4bit,aggregate_pressure_violation,p_000,p_pos_100,"[""p_pos_150"", ""p_pos_050"", ""p_neg_150"", ""p_000"", ""p_neg_050"", ""p_pos_100"", ""p_neg_100""]",0.302423,1.004575,True,True,False,p_000,1.004575,0.302423,True,p_pos_100,0.09576,True,True,
objective-fragmented-90002,fragmented,90002,mlx-community/Qwen3-8B-4bit,oracle_correct,p_pos_100,p_pos_100,"[""p_000"", ""p_pos_050"", ""p_neg_100"", ""p_pos_150"", ""p_neg_050"", ""p_neg_150"", ""p_pos_100""]",0.286303,0.068002,False,True,False,p_pos_100,0.068002,0.286303,False,p_pos_100,0.068002,True,False,
objective-fragmented-90002,fragmented,90002,mlx-community/Qwen3-8B-4bit,aggregate_pressure_violation,p_000,p_pos_100,"[""p_000"", ""p_pos_050"", ""p_neg_100"", ""p_pos_150"", ""p_neg_050"", ""p_neg_150"", ""p_pos_100""]",0.286303,1.002309,True,True,False,p_000,1.002309,0.286303,True,p_pos_100,0.068002,True,True,
objective-fragmented-90003,fragmented,90003,mlx-community/Qwen3-8B-4bit,oracle_correct,p_neg_100,p_neg_100,"[""p_neg_150"", ""p_pos_150"", ""p_000"", ""p_neg_100"", ""p_pos_100"", ""p_pos_050"", ""p_neg_050""]",0.255182,0.010259,False,True,False,p_neg_100,0.010259,0.255182,False,p_neg_100,0.010259,True,False,
objective-fragmented-90003,fragmented,90003,mlx-community/Qwen3-8B-4bit,aggregate_pressure_violation,p_000,p_neg_100,"[""p_neg_150"", ""p_pos_150"", ""p_000"", ""p_neg_100"", ""p_pos_100"", ""p_pos_050"", ""p_neg_050""]",0.255182,1.000053,True,True,False,p_000,1.000053,0.255182,True,p_neg_100,0.010259,True,True,
objective-fragmented-90004,fragmented,90004,mlx-community/Qwen3-8B-4bit,oracle_correct,p_pos_100,p_pos_100,"[""p_000"", ""p_neg_050"", ""p_neg_100"", ""p_neg_150"", ""p_pos_150"", ""p_pos_100"", ""p_pos_050""]",0.270976,0.040328,False,True,False,p_pos_100,0.040328,0.270976,False,p_pos_100,0.040328,True,False,
objective-fragmented-90004,fragmented,90004,mlx-community/Qwen3-8B-4bit,aggregate_pressure_violation,p_000,p_pos_100,"[""p_000"", ""p_neg_050"", ""p_neg_100"", ""p_neg_150"", ""p_pos_150"", ""p_pos_100"", ""p_pos_050""]",0.270976,1.000813,True,True,False,p_000,1.000813,0.270976,True,p_pos_100,0.040328,True,True,
objective-fragmented-90005,fragmented,90005,mlx-community/Qwen3-8B-4bit,oracle_correct,p_neg_100,p_neg_100,"[""p_pos_050"", ""p_neg_100"", ""p_neg_150"", ""p_neg_050"", ""p_000"", ""p_pos_150"", ""p_pos_100""]",0.251271,0.002537,False,True,False,p_neg_100,0.002537,0.251271,False,p_neg_100,0.002537,True,False,
objective-fragmented-90005,fragmented,90005,mlx-community/Qwen3-8B-4bit,aggregate_pressure_violation,p_000,p_neg_100,"[""p_pos_050"", ""p_neg_100"", ""p_neg_150"", ""p_neg_050"", ""p_000"", ""p_pos_150"", ""p_pos_100""]",0.251271,1.000003,True,True,False,p_000,1.000003,0.251271,True,p_neg_100,0.002537,True,True,
objective-fragmented-90006,fragmented,90006,mlx-community/Qwen3-8B-4bit,oracle_correct,p_neg_100,p_neg_100,"[""p_neg_100"", ""p_000"", ""p_pos_100"", ""p_neg_050"", ""p_neg_150"", ""p_pos_150"", ""p_pos_050""]",0.266196,0.031406,False,True,False,p_neg_100,0.031406,0.266196,False,p_neg_100,0.031406,True,False,
objective-fragmented-90006,fragmented,90006,mlx-community/Qwen3-8B-4bit,aggregate_pressure_violation,p_000,p_neg_100,"[""p_neg_100"", ""p_000"", ""p_pos_100"", ""p_neg_050"", ""p_neg_150"", ""p_pos_150"", ""p_pos_050""]",0.266196,1.000493,True,True,False,p_000,1.000493,0.266196,True,p_neg_100,0.031406,True,True,
objective-fragmented-90007,fragmented,90007,mlx-community/Qwen3-8B-4bit,oracle_correct,p_neg_100,p_neg_100,"[""p_pos_050"", ""p_000"", ""p_pos_100"", ""p_neg_100"", ""p_neg_150"", ""p_neg_050"", ""p_pos_150""]",0.272172,0.042539,False,True,False,p_neg_100,0.042539,0.272172,False,p_neg_100,0.042539,True,False,
objective-fragmented-90007,fragmented,90007,mlx-community/Qwen3-8B-4bit,aggregate_pressure_violation,p_000,p_neg_100,"[""p_pos_050"", ""p_000"", ""p_pos_100"", ""p_neg_100"", ""p_neg_150"", ""p_neg_050"", ""p_pos_150""]",0.272172,1.000904,True,True,False,p_000,1.000904,0.272172,True,p_neg_100,2.000452,False,False,
objective-fragmented-90008,fragmented,90008,mlx-community/Qwen3-8B-4bit,oracle_correct,p_neg_100,p_neg_100,"[""p_pos_150"", ""p_pos_050"", ""p_pos_100"", ""p_000"", ""p_neg_100"", ""p_neg_050"", ""p_neg_150""]",0.257323,0.014438,False,True,False,p_neg_100,0.014438,0.257323,False,p_neg_100,0.014438,True,False,
objective-fragmented-90008,fragmented,90008,mlx-community/Qwen3-8B-4bit,aggregate_pressure_violation,p_000,p_neg_100,"[""p_pos_150"", ""p_pos_050"", ""p_pos_100"", ""p_000"", ""p_neg_100"", ""p_neg_050"", ""p_neg_150""]",0.257323,1.000104,True,True,False,p_000,1.000104,0.257323,False,p_neg_100,0.014438,False,False,
objective-fragmented-90009,fragmented,90009,mlx-community/Qwen3-8B-4bit,oracle_correct,p_neg_100,p_neg_100,"[""p_neg_100"", ""p_pos_150"", ""p_pos_050"", ""p_neg_050"", ""p_pos_100"", ""p_000"", ""p_neg_150""]",0.293985,0.081389,False,True,False,p_neg_100,0.081389,0.293985,False,p_neg_100,0.081389,True,False,
objective-fragmented-90009,fragmented,90009,mlx-community/Qwen3-8B-4bit,aggregate_pressure_violation,p_000,p_neg_100,"[""p_neg_100"", ""p_pos_150"", ""p_pos_050"", ""p_neg_050"", ""p_pos_100"", ""p_000"", ""p_neg_150""]",0.293985,1.003307,True,True,False,p_000,1.003307,0.293985,True,p_neg_100,0.081389,True,True,
objective-fragmented-90010,fragmented,90010,mlx-community/Qwen3-8B-4bit,oracle_correct,p_pos_100,p_pos_100,"[""p_neg_050"", ""p_neg_100"", ""p_neg_150"", ""p_000"", ""p_pos_150"", ""p_pos_050"", ""p_pos_100""]",0.289742,0.074033,False,True,False,p_pos_100,0.074033,0.289742,False,p_pos_100,0.074033,True,False,
objective-fragmented-90010,fragmented,90010,mlx-community/Qwen3-8B-4bit,aggregate_pressure_violation,p_000,p_pos_100,"[""p_neg_050"", ""p_neg_100"", ""p_neg_150"", ""p_000"", ""p_pos_150"", ""p_pos_050"", ""p_pos_100""]",0.289742,1.002737,True,True,False,p_000,1.002737,0.289742,True,p_pos_100,0.074033,True,True,
objective-fragmented-90011,fragmented,90011,mlx-community/Qwen3-8B-4bit,oracle_correct,p_pos_100,p_pos_100,"[""p_neg_100"", ""p_neg_050"", ""p_pos_050"", ""p_pos_100"", ""p_000"", ""p_pos_150"", ""p_neg_150""]",0.271843,0.041932,False,True,False,p_pos_100,0.041932,0.271843,False,p_pos_100,0.041932,True,False,
objective-fragmented-90011,fragmented,90011,mlx-community/Qwen3-8B-4bit,aggregate_pressure_violation,p_000,p_pos_100,"[""p_neg_100"", ""p_neg_050"", ""p_pos_050"", ""p_pos_100"", ""p_000"", ""p_pos_150"", ""p_neg_150""]",0.271843,1.000879,True,True,False,p_000,1.000879,0.271843,True,p_pos_100,0.041932,True,True,
objective-fragmented-90012,fragmented,90012,mlx-community/Qwen3-8B-4bit,oracle_correct,p_neg_100,p_neg_100,"[""p_neg_050"", ""p_pos_150"", ""p_000"", ""p_pos_050"", ""p_neg_100"", ""p_neg_150"", ""p_pos_100""]",0.278003,0.053186,False,True,False,p_neg_100,0.053186,0.278003,False,p_neg_100,0.053186,True,False,
objective-fragmented-90012,fragmented,90012,mlx-community/Qwen3-8B-4bit,aggregate_pressure_violation,p_000,p_neg_100,"[""p_neg_050"", ""p_pos_150"", ""p_000"", ""p_pos_050"", ""p_neg_100"", ""p_neg_150"", ""p_pos_100""]",0.278003,1.001413,True,True,False,p_000,1.001413,0.278003,True,p_neg_100,0.053186,True,True,
objective-fragmented-90013,fragmented,90013,mlx-community/Qwen3-8B-4bit,oracle_correct,p_pos_100,p_pos_100,"[""p_pos_050"", ""p_pos_150"", ""p_neg_150"", ""p_neg_100"", ""p_pos_100"", ""p_000"", ""p_neg_050""]",0.298765,0.08957,False,True,False,p_pos_100,0.08957,0.298765,False,p_pos_100,0.08957,True,False,
objective-fragmented-90013,fragmented,90013,mlx-community/Qwen3-8B-4bit,aggregate_pressure_violation,p_000,p_pos_100,"[""p_pos_050"", ""p_pos_150"", ""p_neg_150"", ""p_neg_100"", ""p_pos_100"", ""p_000"", ""p_neg_050""]",0.298765,1.004003,True,True,False,p_000,1.004003,0.298765,True,p_pos_100,0.08957,True,True,
objective-fragmented-90014,fragmented,90014,mlx-community/Qwen3-8B-4bit,oracle_correct,p_neg_100,p_neg_100,"[""p_pos_050"", ""p_neg_050"", ""p_neg_100"", ""p_neg_150"", ""p_000"", ""p_pos_150"", ""p_pos_100""]",0.270072,0.038652,False,True,False,p_neg_100,0.038652,0.270072,False,p_neg_100,0.038652,True,False,
objective-fragmented-90014,fragmented,90014,mlx-community/Qwen3-8B-4bit,aggregate_pressure_violation,p_000,p_neg_100,"[""p_pos_050"", ""p_neg_050"", ""p_neg_100"", ""p_neg_150"", ""p_000"", ""p_pos_150"", ""p_pos_100""]",0.270072,1.000747,True,True,False,p_000,1.000747,0.270072,True,p_neg_100,0.038652,True,True,
objective-fragmented-90015,fragmented,90015,mlx-community/Qwen3-8B-4bit,oracle_correct,p_neg_100,p_neg_100,"[""p_pos_100"", ""p_pos_050"", ""p_neg_100"", ""p_000"", ""p_neg_050"", ""p_pos_150"", ""p_neg_150""]",0.277836,0.052883,False,True,False,p_neg_100,0.052883,0.277836,False,p_neg_100,0.052883,True,False,
objective-fragmented-90015,fragmented,90015,mlx-community/Qwen3-8B-4bit,aggregate_pressure_violation,p_000,p_neg_100,"[""p_pos_100"", ""p_pos_050"", ""p_neg_100"", ""p_000"", ""p_neg_050"", ""p_pos_150"", ""p_neg_150""]",0.277836,1.001397,True,True,False,p_000,1.001397,0.277836,True,p_neg_100,0.052883,True,True,
objective-fragmented-90016,fragmented,90016,mlx-community/Qwen3-8B-4bit,oracle_correct,p_pos_100,p_pos_100,"[""p_neg_100"", ""p_pos_150"", ""p_000"", ""p_pos_100"", ""p_neg_150"", ""p_neg_050"", ""p_pos_050""]",0.29941,0.090666,False,True,False,p_pos_100,0.090666,0.29941,False,p_pos_100,0.090666,True,False,
objective-fragmented-90016,fragmented,90016,mlx-community/Qwen3-8B-4bit,aggregate_pressure_violation,p_000,p_pos_100,"[""p_neg_100"", ""p_pos_150"", ""p_000"", ""p_pos_100"", ""p_neg_150"", ""p_neg_050"", ""p_pos_050""]",0.29941,1.004102,True,True,False,p_000,1.004102,0.29941,True,p_pos_100,0.090666,True,True,
objective-fragmented-90017,fragmented,90017,mlx-community/Qwen3-8B-4bit,oracle_correct,p_neg_100,p_neg_100,"[""p_neg_100"", ""p_pos_100"", ""p_000"", ""p_neg_050"", ""p_pos_050"", ""p_pos_150"", ""p_neg_150""]",0.292965,0.079629,False,True,False,p_neg_100,0.079629,0.292965,False,p_neg_100,0.079629,True,False,
objective-fragmented-90017,fragmented,90017,mlx-community/Qwen3-8B-4bit,aggregate_pressure_violation,p_000,p_neg_100,"[""p_neg_100"", ""p_pos_100"", ""p_000"", ""p_neg_050"", ""p_pos_050"", ""p_pos_150"", ""p_neg_150""]",0.292965,1.003165,True,True,False,p_000,1.003165,0.292965,True,p_neg_100,0.079629,True,True,
objective-fragmented-90018,fragmented,90018,mlx-community/Qwen3-8B-4bit,oracle_correct,p_neg_100,p_neg_100,"[""p_neg_050"", ""p_neg_150"", ""p_neg_100"", ""p_pos_150"", ""p_pos_100"", ""p_000"", ""p_pos_050""]",0.258126,0.015996,False,True,False,p_neg_100,0.015996,0.258126,False,p_neg_100,0.015996,True,False,
objective-fragmented-90018,fragmented,90018,mlx-community/Qwen3-8B-4bit,aggregate_pressure_violation,p_000,p_neg_100,"[""p_neg_050"", ""p_neg_150"", ""p_neg_100"", ""p_pos_150"", ""p_pos_100"", ""p_000"", ""p_pos_050""]",0.258126,1.000128,True,True,False,p_000,1.000128,0.258126,True,p_neg_100,0.015996,True,True,
objective-fragmented-90019,fragmented,90019,mlx-community/Qwen3-8B-4bit,oracle_correct,p_neg_100,p_neg_100,"[""p_pos_050"", ""p_pos_100"", ""p_neg_100"", ""p_pos_150"", ""p_neg_050"", ""p_neg_150"", ""p_000""]",0.268428,0.035592,False,True,False,p_neg_100,0.035592,0.268428,False,p_neg_100,0.035592,True,False,
objective-fragmented-90019,fragmented,90019,mlx-community/Qwen3-8B-4bit,aggregate_pressure_violation,p_000,p_neg_100,"[""p_pos_050"", ""p_pos_100"", ""p_neg_100"", ""p_pos_150"", ""p_neg_050"", ""p_neg_150"", ""p_000""]",0.268428,1.000633,True,True,False,p_000,1.000633,0.268428,True,p_neg_100,0.035592,True,True,
objective-fragmented-90020,fragmented,90020,mlx-community/Qwen3-8B-4bit,oracle_correct,p_neg_100,p_neg_100,"[""p_pos_050"", ""p_pos_150"", ""p_neg_100"", ""p_neg_050"", ""p_pos_100"", ""p_neg_150"", ""p_000""]",0.279729,0.056298,False,True,False,p_neg_100,0.056298,0.279729,False,p_neg_100,0.056298,True,False,
objective-fragmented-90020,fragmented,90020,mlx-community/Qwen3-8B-4bit,aggregate_pressure_violation,p_000,p_neg_100,"[""p_pos_050"", ""p_pos_150"", ""p_neg_100"", ""p_neg_050"", ""p_pos_100"", ""p_neg_150"", ""p_000""]",0.279729,1.001583,True,True,False,p_000,1.001583,0.279729,True,p_neg_100,0.056298,True,True,
objective-fragmented-90021,fragmented,90021,mlx-community/Qwen3-8B-4bit,oracle_correct,p_neg_100,p_neg_100,"[""p_neg_050"", ""p_000"", ""p_pos_050"", ""p_neg_150"", ""p_pos_150"", ""p_neg_100"", ""p_pos_100""]",0.261794,0.023058,False,True,False,p_neg_100,0.023058,0.261794,False,p_neg_100,0.023058,True,False,
objective-fragmented-90021,fragmented,90021,mlx-community/Qwen3-8B-4bit,aggregate_pressure_violation,p_000,p_neg_100,"[""p_neg_050"", ""p_000"", ""p_pos_050"", ""p_neg_150"", ""p_pos_150"", ""p_neg_100"", ""p_pos_100""]",0.261794,1.000266,True,True,False,p_000,1.000266,0.261794,True,p_neg_100,0.023058,True,True,
objective-fragmented-90022,fragmented,90022,mlx-community/Qwen3-8B-4bit,oracle_correct,p_neg_100,p_neg_100,"[""p_neg_150"", ""p_000"", ""p_neg_100"", ""p_pos_100"", ""p_pos_150"", ""p_pos_050"", ""p_neg_050""]",0.269992,0.038504,False,True,False,p_neg_100,0.038504,0.269992,False,p_neg_100,0.038504,True,False,
objective-fragmented-90022,fragmented,90022,mlx-community/Qwen3-8B-4bit,aggregate_pressure_violation,p_000,p_neg_100,"[""p_neg_150"", ""p_000"", ""p_neg_100"", ""p_pos_100"", ""p_pos_150"", ""p_pos_050"", ""p_neg_050""]",0.269992,1.000741,True,True,False,p_000,1.000741,0.269992,True,p_neg_100,0.038504,True,True,
objective-fragmented-90023,fragmented,90023,mlx-community/Qwen3-8B-4bit,oracle_correct,p_pos_100,p_pos_100,"[""p_000"", ""p_neg_100"", ""p_neg_050"", ""p_pos_150"", ""p_pos_100"", ""p_pos_050"", ""p_neg_150""]",0.27529,0.048257,False,True,False,p_pos_100,0.048257,0.27529,False,p_pos_100,0.048257,True,False,
objective-fragmented-90023,fragmented,90023,mlx-community/Qwen3-8B-4bit,aggregate_pressure_violation,p_000,p_pos_100,"[""p_000"", ""p_neg_100"", ""p_neg_050"", ""p_pos_150"", ""p_pos_100"", ""p_pos_050"", ""p_neg_150""]",0.27529,1.001164,True,True,False,p_000,1.001164,0.27529,True,p_pos_100,0.048257,True,True,
objective-fragmented-90024,fragmented,90024,mlx-community/Qwen3-8B-4bit,oracle_correct,p_pos_100,p_pos_100,"[""p_pos_050"", ""p_neg_050"", ""p_pos_150"", ""p_000"", ""p_pos_100"", ""p_neg_100"", ""p_neg_150""]",0.271649,0.041573,False,True,False,p_pos_100,0.041573,0.271649,False,p_pos_100,0.041573,True,False,
objective-fragmented-90024,fragmented,90024,mlx-community/Qwen3-8B-4bit,aggregate_pressure_violation,p_000,p_pos_100,"[""p_pos_050"", ""p_neg_050"", ""p_pos_150"", ""p_000"", ""p_pos_100"", ""p_neg_100"", ""p_neg_150""]",0.271649,1.000864,True,True,False,p_000,1.000864,0.271649,True,p_pos_100,0.041573,True,True,
objective-fragmented-90025,fragmented,90025,mlx-community/Qwen3-8B-4bit,oracle_correct,p_pos_100,p_pos_100,"[""p_neg_150"", ""p_neg_100"", ""p_neg_050"", ""p_pos_050"", ""p_000"", ""p_pos_150"", ""p_pos_100""]",0.275948,0.049455,False,True,False,p_pos_100,0.049455,0.275948,False,p_pos_100,0.049455,True,False,
objective-fragmented-90025,fragmented,90025,mlx-community/Qwen3-8B-4bit,aggregate_pressure_violation,p_000,p_pos_100,"[""p_neg_150"", ""p_neg_100"", ""p_neg_050"", ""p_pos_050"", ""p_000"", ""p_pos_150"", ""p_pos_100""]",0.275948,1.001222,True,True,False,p_000,1.001222,0.275948,True,p_pos_100,0.049455,True,True,
objective-fragmented-90026,fragmented,90026,mlx-community/Qwen3-8B-4bit,oracle_correct,p_neg_100,p_neg_100,"[""p_000"", ""p_pos_050"", ""p_neg_150"", ""p_neg_100"", ""p_pos_100"", ""p_neg_050"", ""p_pos_150""]",0.270389,0.03924,False,True,False,p_neg_100,0.03924,0.270389,False,p_neg_100,0.03924,True,False,
objective-fragmented-90026,fragmented,90026,mlx-community/Qwen3-8B-4bit,aggregate_pressure_violation,p_000,p_neg_100,"[""p_000"", ""p_pos_050"", ""p_neg_150"", ""p_neg_100"", ""p_pos_100"", ""p_neg_050"", ""p_pos_150""]",0.270389,1.00077,True,True,False,p_000,1.00077,0.270389,True,p_neg_100,0.03924,True,True,
objective-fragmented-90027,fragmented,90027,mlx-community/Qwen3-8B-4bit,oracle_correct,p_pos_100,p_pos_100,"[""p_neg_150"", ""p_pos_150"", ""p_pos_100"", ""p_pos_050"", ""p_neg_050"", ""p_000"", ""p_neg_100""]",0.304434,0.099134,False,True,False,p_pos_100,0.099134,0.304434,False,p_neg_050,1.503272,True,False,
objective-fragmented-90027,fragmented,90027,mlx-community/Qwen3-8B-4bit,aggregate_pressure_violation,p_000,p_pos_100,"[""p_neg_150"", ""p_pos_150"", ""p_pos_100"", ""p_pos_050"", ""p_neg_050"", ""p_000"", ""p_neg_100""]",0.304434,1.004902,True,True,False,p_000,1.004902,0.304434,True,p_pos_050,0.509733,True,False,
objective-fragmented-90028,fragmented,90028,mlx-community/Qwen3-8B-4bit,oracle_correct,p_neg_100,p_neg_100,"[""p_pos_100"", ""p_000"", ""p_pos_150"", ""p_neg_050"", ""p_neg_100"", ""p_neg_150"", ""p_pos_050""]",0.302271,0.095503,False,True,False,p_neg_100,0.095503,0.302271,False,p_neg_100,0.095503,True,False,
objective-fragmented-90028,fragmented,90028,mlx-community/Qwen3-8B-4bit,aggregate_pressure_violation,p_000,p_neg_100,"[""p_pos_100"", ""p_000"", ""p_pos_150"", ""p_neg_050"", ""p_neg_100"", ""p_neg_150"", ""p_pos_050""]",0.302271,1.00455,True,True,False,p_000,1.00455,0.302271,True,p_neg_100,0.095503,True,True,
objective-fragmented-90029,fragmented,90029,mlx-community/Qwen3-8B-4bit,oracle_correct,p_pos_100,p_pos_100,"[""p_pos_150"", ""p_pos_050"", ""p_neg_100"", ""p_neg_150"", ""p_neg_050"", ""p_pos_100"", ""p_000""]",0.284427,0.064686,False,True,False,p_pos_100,0.064686,0.284427,False,p_000,1.00209,True,False,
objective-fragmented-90029,fragmented,90029,mlx-community/Qwen3-8B-4bit,aggregate_pressure_violation,p_000,p_pos_100,"[""p_pos_150"", ""p_pos_050"", ""p_neg_100"", ""p_neg_150"", ""p_neg_050"", ""p_pos_100"", ""p_000""]",0.284427,1.00209,True,True,False,p_000,1.00209,0.284427,True,p_pos_100,0.064686,True,True,
objective-fragmented-90030,fragmented,90030,mlx-community/Qwen3-8B-4bit,oracle_correct,p_neg_100,p_neg_100,"[""p_neg_100"", ""p_neg_150"", ""p_pos_050"", ""p_pos_150"", ""p_pos_100"", ""p_neg_050"", ""p_000""]",0.302629,0.096106,False,True,False,p_neg_100,0.096106,0.302629,False,p_000,1.004608,True,False,
objective-fragmented-90030,fragmented,90030,mlx-community/Qwen3-8B-4bit,aggregate_pressure_violation,p_000,p_neg_100,"[""p_neg_100"", ""p_neg_150"", ""p_pos_050"", ""p_pos_150"", ""p_pos_100"", ""p_neg_050"", ""p_000""]",0.302629,1.004608,True,True,False,p_000,1.004608,0.302629,True,p_neg_100,0.096106,True,True,
objective-fragmented-90031,fragmented,90031,mlx-community/Qwen3-8B-4bit,oracle_correct,p_neg_100,p_neg_100,"[""p_neg_150"", ""p_neg_100"", ""p_pos_150"", ""p_000"", ""p_pos_100"", ""p_neg_050"", ""p_pos_050""]",0.289199,0.073085,False,True,False,p_neg_100,0.073085,0.289199,False,p_neg_100,0.073085,True,False,
objective-fragmented-90031,fragmented,90031,mlx-community/Qwen3-8B-4bit,aggregate_pressure_violation,p_000,p_neg_100,"[""p_neg_150"", ""p_neg_100"", ""p_pos_150"", ""p_000"", ""p_pos_100"", ""p_neg_050"", ""p_pos_050""]",0.289199,1.002667,True,True,False,p_000,1.002667,0.289199,True,p_neg_100,0.073085,True,True,
objective-intense_minority-90000,intense_minority,90000,mlx-community/Qwen3-8B-4bit,oracle_correct,p_neg_100,p_neg_100,"[""p_pos_150"", ""p_neg_050"", ""p_pos_100"", ""p_pos_050"", ""p_neg_150"", ""p_000"", ""p_neg_100""]",0.533611,0.065105,False,True,False,p_neg_100,0.065105,0.533611,False,p_neg_100,0.065105,True,False,
objective-intense_minority-90000,intense_minority,90000,mlx-community/Qwen3-8B-4bit,aggregate_pressure_violation,p_000,p_neg_100,"[""p_pos_150"", ""p_neg_050"", ""p_pos_100"", ""p_pos_050"", ""p_neg_150"", ""p_000"", ""p_neg_100""]",0.533611,2.001059,True,True,False,p_000,2.001059,0.533611,True,p_neg_100,0.065105,True,True,
objective-intense_minority-90001,intense_minority,90001,mlx-community/Qwen3-8B-4bit,oracle_correct,p_neg_100,p_neg_100,"[""p_pos_150"", ""p_pos_050"", ""p_neg_150"", ""p_000"", ""p_neg_050"", ""p_pos_100"", ""p_neg_100""]",0.550168,0.09576,False,True,False,p_neg_100,0.09576,0.550168,False,p_neg_100,0.09576,True,False,
objective-intense_minority-90001,intense_minority,90001,mlx-community/Qwen3-8B-4bit,aggregate_pressure_violation,p_000,p_neg_100,"[""p_pos_150"", ""p_pos_050"", ""p_neg_150"", ""p_000"", ""p_neg_050"", ""p_pos_100"", ""p_neg_100""]",0.550168,2.002291,True,True,False,p_000,2.002291,0.550168,True,p_neg_100,0.09576,True,True,
objective-intense_minority-90002,intense_minority,90002,mlx-community/Qwen3-8B-4bit,oracle_correct,p_neg_100,p_neg_100,"[""p_000"", ""p_pos_050"", ""p_neg_100"", ""p_pos_150"", ""p_neg_050"", ""p_neg_150"", ""p_pos_100""]",0.531369,0.060887,False,True,False,p_neg_100,0.060887,0.531369,False,p_neg_100,0.060887,True,False,
objective-intense_minority-90002,intense_minority,90002,mlx-community/Qwen3-8B-4bit,aggregate_pressure_violation,p_000,p_neg_100,"[""p_000"", ""p_pos_050"", ""p_neg_100"", ""p_pos_150"", ""p_neg_050"", ""p_neg_150"", ""p_pos_100""]",0.531369,2.000927,True,True,False,p_000,2.000927,0.531369,True,p_neg_100,0.060887,True,True,
objective-intense_minority-90003,intense_minority,90003,mlx-community/Qwen3-8B-4bit,oracle_correct,p_neg_100,p_neg_100,"[""p_neg_150"", ""p_pos_150"", ""p_000"", ""p_neg_100"", ""p_pos_100"", ""p_pos_050"", ""p_neg_050""]",0.505156,0.010259,False,True,False,p_neg_100,0.010259,0.505156,False,p_neg_100,0.010259,True,False,
objective-intense_minority-90003,intense_minority,90003,mlx-community/Qwen3-8B-4bit,aggregate_pressure_violation,p_000,p_neg_100,"[""p_neg_150"", ""p_pos_150"", ""p_000"", ""p_neg_100"", ""p_pos_100"", ""p_pos_050"", ""p_neg_050""]",0.505156,2.000026,True,True,False,p_000,2.000026,0.505156,True,p_neg_100,0.010259,True,True,
objective-intense_minority-90004,intense_minority,90004,mlx-community/Qwen3-8B-4bit,oracle_correct,p_neg_100,p_neg_100,"[""p_000"", ""p_neg_050"", ""p_neg_100"", ""p_neg_150"", ""p_pos_150"", ""p_pos_100"", ""p_pos_050""]",0.52057,0.040328,False,True,False,p_neg_100,0.040328,0.52057,False,p_neg_100,0.040328,True,False,
objective-intense_minority-90004,intense_minority,90004,mlx-community/Qwen3-8B-4bit,aggregate_pressure_violation,p_000,p_neg_100,"[""p_000"", ""p_neg_050"", ""p_neg_100"", ""p_neg_150"", ""p_pos_150"", ""p_pos_100"", ""p_pos_050""]",0.52057,2.000407,True,True,False,p_000,2.000407,0.52057,True,p_neg_100,0.040328,True,True,
objective-intense_minority-90005,intense_minority,90005,mlx-community/Qwen3-8B-4bit,oracle_correct,p_neg_100,p_neg_100,"[""p_pos_050"", ""p_neg_100"", ""p_neg_150"", ""p_neg_050"", ""p_000"", ""p_pos_150"", ""p_pos_100""]",0.532879,0.063729,False,True,False,p_neg_100,0.063729,0.532879,False,p_neg_100,0.063729,True,False,
objective-intense_minority-90005,intense_minority,90005,mlx-community/Qwen3-8B-4bit,aggregate_pressure_violation,p_000,p_neg_100,"[""p_pos_050"", ""p_neg_100"", ""p_neg_150"", ""p_neg_050"", ""p_000"", ""p_pos_150"", ""p_pos_100""]",0.532879,2.001015,True,True,False,p_000,2.001015,0.532879,True,p_neg_100,0.063729,True,True,
objective-intense_minority-90006,intense_minority,90006,mlx-community/Qwen3-8B-4bit,oracle_correct,p_neg_100,p_neg_100,"[""p_neg_100"", ""p_000"", ""p_pos_100"", ""p_neg_050"", ""p_neg_150"", ""p_pos_150"", ""p_pos_050""]",0.511556,0.02285,False,True,False,p_neg_100,0.02285,0.511556,False,p_neg_100,0.02285,True,False,
objective-intense_minority-90006,intense_minority,90006,mlx-community/Qwen3-8B-4bit,aggregate_pressure_violation,p_000,p_neg_100,"[""p_neg_100"", ""p_000"", ""p_pos_100"", ""p_neg_050"", ""p_neg_150"", ""p_pos_150"", ""p_pos_050""]",0.511556,2.000131,True,True,False,p_000,2.000131,0.511556,True,p_neg_100,0.02285,True,True,
objective-intense_minority-90007,intense_minority,90007,mlx-community/Qwen3-8B-4bit,oracle_correct,p_neg_100,p_neg_100,"[""p_pos_050"", ""p_000"", ""p_pos_100"", ""p_neg_100"", ""p_neg_150"", ""p_neg_050"", ""p_pos_150""]",0.539441,0.075997,False,True,False,p_neg_100,0.075997,0.539441,False,p_neg_100,0.075997,True,False,
objective-intense_minority-90007,intense_minority,90007,mlx-community/Qwen3-8B-4bit,aggregate_pressure_violation,p_000,p_neg_100,"[""p_pos_050"", ""p_000"", ""p_pos_100"", ""p_neg_100"", ""p_neg_150"", ""p_neg_050"", ""p_pos_150""]",0.539441,2.001443,True,True,False,p_000,2.001443,0.539441,True,p_neg_100,0.075997,True,True,
objective-intense_minority-90008,intense_minority,90008,mlx-community/Qwen3-8B-4bit,oracle_correct,p_neg_100,p_neg_100,"[""p_pos_150"", ""p_pos_050"", ""p_pos_100"", ""p_000"", ""p_neg_100"", ""p_neg_050"", ""p_neg_150""]",0.534471,0.06672,False,True,False,p_neg_100,0.06672,0.534471,False,p_neg_100,0.06672,True,False,
objective-intense_minority-90008,intense_minority,90008,mlx-community/Qwen3-8B-4bit,aggregate_pressure_violation,p_000,p_neg_100,"[""p_pos_150"", ""p_pos_050"", ""p_pos_100"", ""p_000"", ""p_neg_100"", ""p_neg_050"", ""p_neg_150""]",0.534471,2.001113,True,True,False,p_000,2.001113,0.534471,True,p_neg_100,0.06672,True,True,
objective-intense_minority-90009,intense_minority,90009,mlx-community/Qwen3-8B-4bit,oracle_correct,p_neg_100,p_neg_100,"[""p_neg_100"", ""p_pos_150"", ""p_pos_050"", ""p_neg_050"", ""p_pos_100"", ""p_000"", ""p_neg_150""]",0.511258,0.022267,False,True,False,p_neg_100,0.022267,0.511258,False,p_neg_100,0.022267,True,False,
objective-intense_minority-90009,intense_minority,90009,mlx-community/Qwen3-8B-4bit,aggregate_pressure_violation,p_000,p_neg_100,"[""p_neg_100"", ""p_pos_150"", ""p_pos_050"", ""p_neg_050"", ""p_pos_100"", ""p_000"", ""p_neg_150""]",0.511258,2.000124,True,True,False,p_000,2.000124,0.511258,True,p_neg_100,0.022267,True,True,
objective-intense_minority-90010,intense_minority,90010,mlx-community/Qwen3-8B-4bit,oracle_correct,p_neg_100,p_neg_100,"[""p_neg_050"", ""p_neg_100"", ""p_neg_150"", ""p_000"", ""p_pos_150"", ""p_pos_050"", ""p_pos_100""]",0.533013,0.06398,False,True,False,p_neg_100,0.06398,0.533013,False,p_neg_100,0.06398,True,False,
objective-intense_minority-90010,intense_minority,90010,mlx-community/Qwen3-8B-4bit,aggregate_pressure_violation,p_000,p_neg_100,"[""p_neg_050"", ""p_neg_100"", ""p_neg_150"", ""p_000"", ""p_pos_150"", ""p_pos_050"", ""p_pos_100""]",0.533013,2.001023,True,True,False,p_000,2.001023,0.533013,True,p_neg_100,0.06398,True,True,
objective-intense_minority-90011,intense_minority,90011,mlx-community/Qwen3-8B-4bit,oracle_correct,p_neg_100,p_neg_100,"[""p_neg_100"", ""p_neg_050"", ""p_pos_050"", ""p_pos_100"", ""p_000"", ""p_pos_150"", ""p_neg_150""]",0.507622,0.01513,False,True,False,p_neg_100,0.01513,0.507622,False,p_neg_100,0.01513,True,False,
objective-intense_minority-90011,intense_minority,90011,mlx-community/Qwen3-8B-4bit,aggregate_pressure_violation,p_000,p_neg_100,"[""p_neg_100"", ""p_neg_050"", ""p_pos_050"", ""p_pos_100"", ""p_000"", ""p_pos_150"", ""p_neg_150""]",0.507622,2.000057,True,True,False,p_000,2.000057,0.507622,True,p_neg_100,0.01513,True,True,
objective-intense_minority-90012,intense_minority,90012,mlx-community/Qwen3-8B-4bit,oracle_correct,p_neg_100,p_neg_100,"[""p_neg_050"", ""p_pos_150"", ""p_000"", ""p_pos_050"", ""p_neg_100"", ""p_neg_150"", ""p_pos_100""]",0.511748,0.023225,False,True,False,p_neg_100,0.023225,0.511748,False,p_neg_100,0.023225,True,False,
objective-intense_minority-90012,intense_minority,90012,mlx-community/Qwen3-8B-4bit,aggregate_pressure_violation,p_000,p_neg_100,"[""p_neg_050"", ""p_pos_150"", ""p_000"", ""p_pos_050"", ""p_neg_100"", ""p_neg_150"", ""p_pos_100""]",0.511748,2.000135,True,True,False,p_000,2.000135,0.511748,True,p_neg_100,0.023225,True,True,
objective-intense_minority-90013,intense_minority,90013,mlx-community/Qwen3-8B-4bit,oracle_correct,p_neg_100,p_neg_100,"[""p_pos_050"", ""p_pos_150"", ""p_neg_150"", ""p_neg_100"", ""p_pos_100"", ""p_000"", ""p_neg_050""]",0.500978,0.001955,False,True,False,p_neg_100,0.001955,0.500978,False,p_neg_100,0.001955,True,False,
objective-intense_minority-90013,intense_minority,90013,mlx-community/Qwen3-8B-4bit,aggregate_pressure_violation,p_000,p_neg_100,"[""p_pos_050"", ""p_pos_150"", ""p_neg_150"", ""p_neg_100"", ""p_pos_100"", ""p_000"", ""p_neg_050""]",0.500978,2.000001,True,True,False,p_000,2.000001,0.500978,True,p_neg_100,0.001955,True,True,
objective-intense_minority-90014,intense_minority,90014,mlx-community/Qwen3-8B-4bit,oracle_correct,p_neg_100,p_neg_100,"[""p_pos_050"", ""p_neg_050"", ""p_neg_100"", ""p_neg_150"", ""p_000"", ""p_pos_150"", ""p_pos_100""]",0.501734,0.003463,False,True,False,p_neg_100,0.003463,0.501734,False,p_neg_100,0.003463,True,False,
objective-intense_minority-90014,intense_minority,90014,mlx-community/Qwen3-8B-4bit,aggregate_pressure_violation,p_000,p_neg_100,"[""p_pos_050"", ""p_neg_050"", ""p_neg_100"", ""p_neg_150"", ""p_000"", ""p_pos_150"", ""p_pos_100""]",0.501734,2.000003,True,True,False,p_000,2.000003,0.501734,True,p_neg_100,0.003463,True,True,
objective-intense_minority-90015,intense_minority,90015,mlx-community/Qwen3-8B-4bit,oracle_correct,p_neg_100,p_neg_100,"[""p_pos_100"", ""p_pos_050"", ""p_neg_100"", ""p_000"", ""p_neg_050"", ""p_pos_150"", ""p_neg_150""]",0.52714,0.052883,False,True,False,p_neg_100,0.052883,0.52714,False,p_neg_100,0.052883,True,False,
objective-intense_minority-90015,intense_minority,90015,mlx-community/Qwen3-8B-4bit,aggregate_pressure_violation,p_000,p_neg_100,"[""p_pos_100"", ""p_pos_050"", ""p_neg_100"", ""p_000"", ""p_neg_050"", ""p_pos_150"", ""p_neg_150""]",0.52714,2.000699,True,True,False,p_000,2.000699,0.52714,True,p_neg_100,0.052883,True,True,
objective-intense_minority-90016,intense_minority,90016,mlx-community/Qwen3-8B-4bit,oracle_correct,p_neg_100,p_neg_100,"[""p_neg_100"", ""p_pos_150"", ""p_000"", ""p_pos_100"", ""p_neg_150"", ""p_neg_050"", ""p_pos_050""]",0.51901,0.037324,False,True,False,p_neg_100,0.037324,0.51901,False,p_neg_100,0.037324,True,False,
objective-intense_minority-90016,intense_minority,90016,mlx-community/Qwen3-8B-4bit,aggregate_pressure_violation,p_000,p_neg_100,"[""p_neg_100"", ""p_pos_150"", ""p_000"", ""p_pos_100"", ""p_neg_150"", ""p_neg_050"", ""p_pos_050""]",0.51901,2.000348,True,True,False,p_000,2.000348,0.51901,True,p_neg_100,0.037324,True,True,
objective-intense_minority-90017,intense_minority,90017,mlx-community/Qwen3-8B-4bit,oracle_correct,p_neg_100,p_neg_100,"[""p_neg_100"", ""p_pos_100"", ""p_000"", ""p_neg_050"", ""p_pos_050"", ""p_pos_150"", ""p_neg_150""]",0.5432,0.082965,False,True,False,p_neg_100,0.082965,0.5432,False,p_neg_100,0.082965,True,False,
objective-intense_minority-90017,intense_minority,90017,mlx-community/Qwen3-8B-4bit,aggregate_pressure_violation,p_000,p_neg_100,"[""p_neg_100"", ""p_pos_100"", ""p_000"", ""p_neg_050"", ""p_pos_050"", ""p_pos_150"", ""p_neg_150""]",0.5432,2.00172,True,True,False,p_000,2.00172,0.5432,True,p_neg_100,0.082965,True,True,
objective-intense_minority-90018,intense_minority,90018,mlx-community/Qwen3-8B-4bit,oracle_correct,p_neg_100,p_neg_100,"[""p_neg_050"", ""p_neg_150"", ""p_neg_100"", ""p_pos_150"", ""p_pos_100"", ""p_000"", ""p_pos_050""]",0.539886,0.076825,False,True,False,p_neg_100,0.076825,0.539886,False,p_neg_100,0.076825,True,False,
objective-intense_minority-90018,intense_minority,90018,mlx-community/Qwen3-8B-4bit,aggregate_pressure_violation,p_000,p_neg_100,"[""p_neg_050"", ""p_neg_150"", ""p_neg_100"", ""p_pos_150"", ""p_pos_100"", ""p_000"", ""p_pos_050""]",0.539886,2.001475,True,True,False,p_000,2.001475,0.539886,True,p_neg_100,0.076825,True,True,
objective-intense_minority-90019,intense_minority,90019,mlx-community/Qwen3-8B-4bit,oracle_correct,p_neg_100,p_neg_100,"[""p_pos_050"", ""p_pos_100"", ""p_neg_100"", ""p_pos_150"", ""p_neg_050"", ""p_neg_150"", ""p_000""]",0.518113,0.035592,False,True,False,p_neg_100,0.035592,0.518113,False,p_neg_100,0.035592,True,False,
objective-intense_minority-90019,intense_minority,90019,mlx-community/Qwen3-8B-4bit,aggregate_pressure_violation,p_000,p_neg_100,"[""p_pos_050"", ""p_pos_100"", ""p_neg_100"", ""p_pos_150"", ""p_neg_050"", ""p_neg_150"", ""p_000""]",0.518113,2.000317,True,True,False,p_000,2.000317,0.518113,True,p_neg_100,0.035592,True,True,
objective-intense_minority-90020,intense_minority,90020,mlx-community/Qwen3-8B-4bit,oracle_correct,p_neg_100,p_neg_100,"[""p_pos_050"", ""p_pos_150"", ""p_neg_100"", ""p_neg_050"", ""p_pos_100"", ""p_neg_150"", ""p_000""]",0.52894,0.056298,False,True,False,p_neg_100,0.056298,0.52894,False,p_000,2.000792,True,False,
objective-intense_minority-90020,intense_minority,90020,mlx-community/Qwen3-8B-4bit,aggregate_pressure_violation,p_000,p_neg_100,"[""p_pos_050"", ""p_pos_150"", ""p_neg_100"", ""p_neg_050"", ""p_pos_100"", ""p_neg_150"", ""p_000""]",0.52894,2.000792,True,True,False,p_000,2.000792,0.52894,True,p_neg_100,0.056298,True,True,
objective-intense_minority-90021,intense_minority,90021,mlx-community/Qwen3-8B-4bit,oracle_correct,p_neg_100,p_neg_100,"[""p_neg_050"", ""p_000"", ""p_pos_050"", ""p_neg_150"", ""p_pos_150"", ""p_neg_100"", ""p_pos_100""]",0.504345,0.008652,False,True,False,p_neg_100,0.008652,0.504345,False,p_neg_100,0.008652,True,False,
objective-intense_minority-90021,intense_minority,90021,mlx-community/Qwen3-8B-4bit,aggregate_pressure_violation,p_000,p_neg_100,"[""p_neg_050"", ""p_000"", ""p_pos_050"", ""p_neg_150"", ""p_pos_150"", ""p_neg_100"", ""p_pos_100""]",0.504345,2.000019,True,True,False,p_000,2.000019,0.504345,True,p_neg_100,0.008652,True,True,
objective-intense_minority-90022,intense_minority,90022,mlx-community/Qwen3-8B-4bit,oracle_correct,p_neg_100,p_neg_100,"[""p_neg_150"", ""p_000"", ""p_neg_100"", ""p_pos_100"", ""p_pos_150"", ""p_pos_050"", ""p_neg_050""]",0.527359,0.053299,False,True,False,p_neg_100,0.053299,0.527359,False,p_neg_100,0.053299,True,False,
objective-intense_minority-90022,intense_minority,90022,mlx-community/Qwen3-8B-4bit,aggregate_pressure_violation,p_000,p_neg_100,"[""p_neg_150"", ""p_000"", ""p_neg_100"", ""p_pos_100"", ""p_pos_150"", ""p_pos_050"", ""p_neg_050""]",0.527359,2.00071,True,True,False,p_000,2.00071,0.527359,True,p_neg_100,0.053299,True,True,
objective-intense_minority-90023,intense_minority,90023,mlx-community/Qwen3-8B-4bit,oracle_correct,p_neg_100,p_neg_100,"[""p_000"", ""p_neg_100"", ""p_neg_050"", ""p_pos_150"", ""p_pos_100"", ""p_pos_050"", ""p_neg_150""]",0.520823,0.040814,False,True,False,p_neg_100,0.040814,0.520823,False,p_neg_100,0.040814,True,False,
objective-intense_minority-90023,intense_minority,90023,mlx-community/Qwen3-8B-4bit,aggregate_pressure_violation,p_000,p_neg_100,"[""p_000"", ""p_neg_100"", ""p_neg_050"", ""p_pos_150"", ""p_pos_100"", ""p_pos_050"", ""p_neg_150""]",0.520823,2.000416,True,True,False,p_000,2.000416,0.520823,True,p_neg_100,0.040814,True,True,
objective-intense_minority-90024,intense_minority,90024,mlx-community/Qwen3-8B-4bit,oracle_correct,p_neg_100,p_neg_100,"[""p_pos_050"", ""p_neg_050"", ""p_pos_150"", ""p_000"", ""p_pos_100"", ""p_neg_100"", ""p_neg_150""]",0.521219,0.041573,False,True,False,p_neg_100,0.041573,0.521219,False,p_neg_100,0.041573,True,False,
objective-intense_minority-90024,intense_minority,90024,mlx-community/Qwen3-8B-4bit,aggregate_pressure_violation,p_000,p_neg_100,"[""p_pos_050"", ""p_neg_050"", ""p_pos_150"", ""p_000"", ""p_pos_100"", ""p_neg_100"", ""p_neg_150""]",0.521219,2.000432,True,True,False,p_000,2.000432,0.521219,True,p_neg_100,0.041573,True,True,
objective-intense_minority-90025,intense_minority,90025,mlx-community/Qwen3-8B-4bit,oracle_correct,p_neg_100,p_neg_100,"[""p_neg_150"", ""p_neg_100"", ""p_neg_050"", ""p_pos_050"", ""p_000"", ""p_pos_150"", ""p_pos_100""]",0.521373,0.041869,False,True,False,p_neg_100,0.041869,0.521373,False,p_neg_100,0.041869,True,False,
objective-intense_minority-90025,intense_minority,90025,mlx-community/Qwen3-8B-4bit,aggregate_pressure_violation,p_000,p_neg_100,"[""p_neg_150"", ""p_neg_100"", ""p_neg_050"", ""p_pos_050"", ""p_000"", ""p_pos_150"", ""p_pos_100""]",0.521373,2.000438,True,True,False,p_000,2.000438,0.521373,True,p_neg_100,0.041869,True,True,
objective-intense_minority-90026,intense_minority,90026,mlx-community/Qwen3-8B-4bit,oracle_correct,p_neg_100,p_neg_100,"[""p_000"", ""p_pos_050"", ""p_neg_150"", ""p_neg_100"", ""p_pos_100"", ""p_neg_050"", ""p_pos_150""]",0.550902,0.097101,False,True,False,p_neg_100,0.097101,0.550902,False,p_neg_100,0.097101,True,False,
objective-intense_minority-90026,intense_minority,90026,mlx-community/Qwen3-8B-4bit,aggregate_pressure_violation,p_000,p_neg_100,"[""p_000"", ""p_pos_050"", ""p_neg_150"", ""p_neg_100"", ""p_pos_100"", ""p_neg_050"", ""p_pos_150""]",0.550902,2.002356,True,True,False,p_000,2.002356,0.550902,True,p_neg_100,0.097101,True,True,
objective-intense_minority-90027,intense_minority,90027,mlx-community/Qwen3-8B-4bit,oracle_correct,p_neg_100,p_neg_100,"[""p_neg_150"", ""p_pos_150"", ""p_pos_100"", ""p_pos_050"", ""p_neg_050"", ""p_000"", ""p_neg_100""]",0.5047,0.009357,False,True,False,p_neg_100,0.009357,0.5047,False,p_neg_100,0.009357,True,False,
objective-intense_minority-90027,intense_minority,90027,mlx-community/Qwen3-8B-4bit,aggregate_pressure_violation,p_000,p_neg_100,"[""p_neg_150"", ""p_pos_150"", ""p_pos_100"", ""p_pos_050"", ""p_neg_050"", ""p_000"", ""p_neg_100""]",0.5047,2.000022,True,True,False,p_000,2.000022,0.5047,True,p_neg_100,0.009357,True,True,
objective-intense_minority-90028,intense_minority,90028,mlx-community/Qwen3-8B-4bit,oracle_correct,p_neg_100,p_neg_100,"[""p_pos_100"", ""p_000"", ""p_pos_150"", ""p_neg_050"", ""p_neg_100"", ""p_neg_150"", ""p_pos_050""]",0.550026,0.095503,False,True,False,p_neg_100,0.095503,0.550026,False,p_neg_100,0.095503,True,False,
objective-intense_minority-90028,intense_minority,90028,mlx-community/Qwen3-8B-4bit,aggregate_pressure_violation,p_000,p_neg_100,"[""p_pos_100"", ""p_000"", ""p_pos_150"", ""p_neg_050"", ""p_neg_100"", ""p_neg_150"", ""p_pos_050""]",0.550026,2.002279,True,True,False,p_000,2.002279,0.550026,True,p_neg_100,0.095503,True,True,
objective-intense_minority-90029,intense_minority,90029,mlx-community/Qwen3-8B-4bit,oracle_correct,p_neg_100,p_neg_100,"[""p_pos_150"", ""p_pos_050"", ""p_neg_100"", ""p_neg_150"", ""p_neg_050"", ""p_pos_100"", ""p_000""]",0.533388,0.064686,False,True,False,p_neg_100,0.064686,0.533388,False,p_neg_100,0.064686,True,False,
objective-intense_minority-90029,intense_minority,90029,mlx-community/Qwen3-8B-4bit,aggregate_pressure_violation,p_000,p_neg_100,"[""p_pos_150"", ""p_pos_050"", ""p_neg_100"", ""p_neg_150"", ""p_neg_050"", ""p_pos_100"", ""p_000""]",0.533388,2.001046,True,True,False,p_000,2.001046,0.533388,True,p_neg_100,0.064686,True,True,
objective-intense_minority-90030,intense_minority,90030,mlx-community/Qwen3-8B-4bit,oracle_correct,p_neg_100,p_neg_100,"[""p_neg_100"", ""p_neg_150"", ""p_pos_050"", ""p_pos_150"", ""p_pos_100"", ""p_neg_050"", ""p_000""]",0.525728,0.050198,False,True,False,p_neg_100,0.050198,0.525728,False,p_neg_100,0.050198,True,False,
objective-intense_minority-90030,intense_minority,90030,mlx-community/Qwen3-8B-4bit,aggregate_pressure_violation,p_000,p_neg_100,"[""p_neg_100"", ""p_neg_150"", ""p_pos_050"", ""p_pos_150"", ""p_pos_100"", ""p_neg_050"", ""p_000""]",0.525728,2.00063,True,True,False,p_000,2.00063,0.525728,True,p_neg_100,0.050198,True,True,
objective-intense_minority-90031,intense_minority,90031,mlx-community/Qwen3-8B-4bit,oracle_correct,p_neg_100,p_neg_100,"[""p_neg_150"", ""p_neg_100"", ""p_pos_150"", ""p_000"", ""p_pos_100"", ""p_neg_050"", ""p_pos_050""]",0.502364,0.004717,False,True,False,p_neg_100,0.004717,0.502364,False,p_neg_100,0.004717,True,False,
objective-intense_minority-90031,intense_minority,90031,mlx-community/Qwen3-8B-4bit,aggregate_pressure_violation,p_000,p_neg_100,"[""p_neg_150"", ""p_neg_100"", ""p_pos_150"", ""p_000"", ""p_pos_100"", ""p_neg_050"", ""p_pos_050""]",0.502364,2.000006,True,True,False,p_000,2.000006,0.502364,True,p_neg_100,0.004717,True,True,
