scope,metric,violation_prevalence,expected_gate_minus_broad
mlx-community/Mistral-Small-24B-Instruct-2501-4bit,constraint_followed,0.0,0.07291666666666667
mlx-community/Mistral-Small-24B-Instruct-2501-4bit,constraint_followed,0.01,0.0721875
mlx-community/Mistral-Small-24B-Instruct-2501-4bit,constraint_followed,0.02,0.07145833333333333
mlx-community/Mistral-Small-24B-Instruct-2501-4bit,constraint_followed,0.03,0.07072916666666666
mlx-community/Mistral-Small-24B-Instruct-2501-4bit,constraint_followed,0.04,0.07
mlx-community/Mistral-Small-24B-Instruct-2501-4bit,constraint_followed,0.05,0.06927083333333334
mlx-community/Mistral-Small-24B-Instruct-2501-4bit,constraint_followed,0.06,0.06854166666666667
mlx-community/Mistral-Small-24B-Instruct-2501-4bit,constraint_followed,0.07,0.0678125
mlx-community/Mistral-Small-24B-Instruct-2501-4bit,constraint_followed,0.08,0.06708333333333334
mlx-community/Mistral-Small-24B-Instruct-2501-4bit,constraint_followed,0.09,0.06635416666666667
mlx-community/Mistral-Small-24B-Instruct-2501-4bit,constraint_followed,0.1,0.065625
mlx-community/Mistral-Small-24B-Instruct-2501-4bit,constraint_followed,0.11,0.06489583333333333
mlx-community/Mistral-Small-24B-Instruct-2501-4bit,constraint_followed,0.12,0.06416666666666668
mlx-community/Mistral-Small-24B-Instruct-2501-4bit,constraint_followed,0.13,0.06343750000000001
mlx-community/Mistral-Small-24B-Instruct-2501-4bit,constraint_followed,0.14,0.06270833333333334
mlx-community/Mistral-Small-24B-Instruct-2501-4bit,constraint_followed,0.15,0.06197916666666667
mlx-community/Mistral-Small-24B-Instruct-2501-4bit,constraint_followed,0.16,0.06125
mlx-community/Mistral-Small-24B-Instruct-2501-4bit,constraint_followed,0.17,0.060520833333333336
mlx-community/Mistral-Small-24B-Instruct-2501-4bit,constraint_followed,0.18,0.059791666666666674
mlx-community/Mistral-Small-24B-Instruct-2501-4bit,constraint_followed,0.19,0.05906250000000001
mlx-community/Mistral-Small-24B-Instruct-2501-4bit,constraint_followed,0.2,0.05833333333333334
mlx-community/Mistral-Small-24B-Instruct-2501-4bit,constraint_followed,0.21,0.05760416666666667
mlx-community/Mistral-Small-24B-Instruct-2501-4bit,constraint_followed,0.22,0.05687500000000001
mlx-community/Mistral-Small-24B-Instruct-2501-4bit,constraint_followed,0.23,0.05614583333333334
mlx-community/Mistral-Small-24B-Instruct-2501-4bit,constraint_followed,0.24,0.05541666666666667
mlx-community/Mistral-Small-24B-Instruct-2501-4bit,constraint_followed,0.25,0.0546875
mlx-community/Mistral-Small-24B-Instruct-2501-4bit,constraint_followed,0.26,0.05395833333333334
mlx-community/Mistral-Small-24B-Instruct-2501-4bit,constraint_followed,0.27,0.05322916666666667
mlx-community/Mistral-Small-24B-Instruct-2501-4bit,constraint_followed,0.28,0.0525
mlx-community/Mistral-Small-24B-Instruct-2501-4bit,constraint_followed,0.29,0.051770833333333335
mlx-community/Mistral-Small-24B-Instruct-2501-4bit,constraint_followed,0.3,0.051041666666666666
mlx-community/Mistral-Small-24B-Instruct-2501-4bit,constraint_followed,0.31,0.050312499999999996
mlx-community/Mistral-Small-24B-Instruct-2501-4bit,constraint_followed,0.32,0.04958333333333333
mlx-community/Mistral-Small-24B-Instruct-2501-4bit,constraint_followed,0.33,0.048854166666666664
mlx-community/Mistral-Small-24B-Instruct-2501-4bit,constraint_followed,0.34,0.048124999999999994
mlx-community/Mistral-Small-24B-Instruct-2501-4bit,constraint_followed,0.35000000000000003,0.04739583333333333
mlx-community/Mistral-Small-24B-Instruct-2501-4bit,constraint_followed,0.36,0.04666666666666667
mlx-community/Mistral-Small-24B-Instruct-2501-4bit,constraint_followed,0.37,0.045937500000000006
mlx-community/Mistral-Small-24B-Instruct-2501-4bit,constraint_followed,0.38,0.045208333333333336
mlx-community/Mistral-Small-24B-Instruct-2501-4bit,constraint_followed,0.39,0.04447916666666667
mlx-community/Mistral-Small-24B-Instruct-2501-4bit,constraint_followed,0.4,0.043750000000000004
mlx-community/Mistral-Small-24B-Instruct-2501-4bit,constraint_followed,0.41000000000000003,0.043020833333333335
mlx-community/Mistral-Small-24B-Instruct-2501-4bit,constraint_followed,0.42,0.04229166666666667
mlx-community/Mistral-Small-24B-Instruct-2501-4bit,constraint_followed,0.43,0.04156250000000001
mlx-community/Mistral-Small-24B-Instruct-2501-4bit,constraint_followed,0.44,0.04083333333333334
mlx-community/Mistral-Small-24B-Instruct-2501-4bit,constraint_followed,0.45,0.04010416666666667
mlx-community/Mistral-Small-24B-Instruct-2501-4bit,constraint_followed,0.46,0.03937500000000001
mlx-community/Mistral-Small-24B-Instruct-2501-4bit,constraint_followed,0.47000000000000003,0.03864583333333334
mlx-community/Mistral-Small-24B-Instruct-2501-4bit,constraint_followed,0.48,0.03791666666666667
mlx-community/Mistral-Small-24B-Instruct-2501-4bit,constraint_followed,0.49,0.037187500000000005
mlx-community/Mistral-Small-24B-Instruct-2501-4bit,constraint_followed,0.5,0.036458333333333336
mlx-community/Mistral-Small-24B-Instruct-2501-4bit,constraint_followed,0.51,0.035729166666666666
mlx-community/Mistral-Small-24B-Instruct-2501-4bit,constraint_followed,0.52,0.035
mlx-community/Mistral-Small-24B-Instruct-2501-4bit,constraint_followed,0.53,0.034270833333333334
mlx-community/Mistral-Small-24B-Instruct-2501-4bit,constraint_followed,0.54,0.033541666666666664
mlx-community/Mistral-Small-24B-Instruct-2501-4bit,constraint_followed,0.55,0.0328125
mlx-community/Mistral-Small-24B-Instruct-2501-4bit,constraint_followed,0.56,0.03208333333333333
mlx-community/Mistral-Small-24B-Instruct-2501-4bit,constraint_followed,0.5700000000000001,0.03135416666666666
mlx-community/Mistral-Small-24B-Instruct-2501-4bit,constraint_followed,0.58,0.030625000000000006
mlx-community/Mistral-Small-24B-Instruct-2501-4bit,constraint_followed,0.59,0.029895833333333337
mlx-community/Mistral-Small-24B-Instruct-2501-4bit,constraint_followed,0.6,0.02916666666666667
mlx-community/Mistral-Small-24B-Instruct-2501-4bit,constraint_followed,0.61,0.028437500000000004
mlx-community/Mistral-Small-24B-Instruct-2501-4bit,constraint_followed,0.62,0.027708333333333335
mlx-community/Mistral-Small-24B-Instruct-2501-4bit,constraint_followed,0.63,0.02697916666666667
mlx-community/Mistral-Small-24B-Instruct-2501-4bit,constraint_followed,0.64,0.02625
mlx-community/Mistral-Small-24B-Instruct-2501-4bit,constraint_followed,0.65,0.025520833333333333
mlx-community/Mistral-Small-24B-Instruct-2501-4bit,constraint_followed,0.66,0.024791666666666667
mlx-community/Mistral-Small-24B-Instruct-2501-4bit,constraint_followed,0.67,0.024062499999999997
mlx-community/Mistral-Small-24B-Instruct-2501-4bit,constraint_followed,0.68,0.02333333333333333
mlx-community/Mistral-Small-24B-Instruct-2501-4bit,constraint_followed,0.6900000000000001,0.022604166666666665
mlx-community/Mistral-Small-24B-Instruct-2501-4bit,constraint_followed,0.7000000000000001,0.021874999999999995
mlx-community/Mistral-Small-24B-Instruct-2501-4bit,constraint_followed,0.71,0.021145833333333336
mlx-community/Mistral-Small-24B-Instruct-2501-4bit,constraint_followed,0.72,0.02041666666666667
mlx-community/Mistral-Small-24B-Instruct-2501-4bit,constraint_followed,0.73,0.019687500000000004
mlx-community/Mistral-Small-24B-Instruct-2501-4bit,constraint_followed,0.74,0.018958333333333334
mlx-community/Mistral-Small-24B-Instruct-2501-4bit,constraint_followed,0.75,0.018229166666666668
mlx-community/Mistral-Small-24B-Instruct-2501-4bit,constraint_followed,0.76,0.0175
mlx-community/Mistral-Small-24B-Instruct-2501-4bit,constraint_followed,0.77,0.016770833333333332
mlx-community/Mistral-Small-24B-Instruct-2501-4bit,constraint_followed,0.78,0.016041666666666666
mlx-community/Mistral-Small-24B-Instruct-2501-4bit,constraint_followed,0.79,0.015312499999999998
mlx-community/Mistral-Small-24B-Instruct-2501-4bit,constraint_followed,0.8,0.014583333333333332
mlx-community/Mistral-Small-24B-Instruct-2501-4bit,constraint_followed,0.81,0.013854166666666664
mlx-community/Mistral-Small-24B-Instruct-2501-4bit,constraint_followed,0.8200000000000001,0.013124999999999996
mlx-community/Mistral-Small-24B-Instruct-2501-4bit,constraint_followed,0.8300000000000001,0.012395833333333328
mlx-community/Mistral-Small-24B-Instruct-2501-4bit,constraint_followed,0.84,0.011666666666666669
mlx-community/Mistral-Small-24B-Instruct-2501-4bit,constraint_followed,0.85,0.010937500000000003
mlx-community/Mistral-Small-24B-Instruct-2501-4bit,constraint_followed,0.86,0.010208333333333335
mlx-community/Mistral-Small-24B-Instruct-2501-4bit,constraint_followed,0.87,0.009479166666666667
mlx-community/Mistral-Small-24B-Instruct-2501-4bit,constraint_followed,0.88,0.00875
mlx-community/Mistral-Small-24B-Instruct-2501-4bit,constraint_followed,0.89,0.008020833333333333
mlx-community/Mistral-Small-24B-Instruct-2501-4bit,constraint_followed,0.9,0.007291666666666666
mlx-community/Mistral-Small-24B-Instruct-2501-4bit,constraint_followed,0.91,0.006562499999999998
mlx-community/Mistral-Small-24B-Instruct-2501-4bit,constraint_followed,0.92,0.005833333333333331
mlx-community/Mistral-Small-24B-Instruct-2501-4bit,constraint_followed,0.93,0.005104166666666663
mlx-community/Mistral-Small-24B-Instruct-2501-4bit,constraint_followed,0.9400000000000001,0.004374999999999996
mlx-community/Mistral-Small-24B-Instruct-2501-4bit,constraint_followed,0.9500000000000001,0.0036458333333333286
mlx-community/Mistral-Small-24B-Instruct-2501-4bit,constraint_followed,0.96,0.0029166666666666694
mlx-community/Mistral-Small-24B-Instruct-2501-4bit,constraint_followed,0.97,0.002187500000000002
mlx-community/Mistral-Small-24B-Instruct-2501-4bit,constraint_followed,0.98,0.0014583333333333347
mlx-community/Mistral-Small-24B-Instruct-2501-4bit,constraint_followed,0.99,0.0007291666666666674
mlx-community/Mistral-Small-24B-Instruct-2501-4bit,constraint_followed,1.0,0.0
mlx-community/Qwen3-8B-4bit,constraint_followed,0.0,0.4895833333333333
mlx-community/Qwen3-8B-4bit,constraint_followed,0.01,0.484375
mlx-community/Qwen3-8B-4bit,constraint_followed,0.02,0.47916666666666663
mlx-community/Qwen3-8B-4bit,constraint_followed,0.03,0.4739583333333333
mlx-community/Qwen3-8B-4bit,constraint_followed,0.04,0.46875
mlx-community/Qwen3-8B-4bit,constraint_followed,0.05,0.46354166666666663
mlx-community/Qwen3-8B-4bit,constraint_followed,0.06,0.45833333333333326
mlx-community/Qwen3-8B-4bit,constraint_followed,0.07,0.45312499999999994
mlx-community/Qwen3-8B-4bit,constraint_followed,0.08,0.4479166666666667
mlx-community/Qwen3-8B-4bit,constraint_followed,0.09,0.4427083333333333
mlx-community/Qwen3-8B-4bit,constraint_followed,0.1,0.4375
mlx-community/Qwen3-8B-4bit,constraint_followed,0.11,0.4322916666666667
mlx-community/Qwen3-8B-4bit,constraint_followed,0.12,0.42708333333333337
mlx-community/Qwen3-8B-4bit,constraint_followed,0.13,0.42187499999999994
mlx-community/Qwen3-8B-4bit,constraint_followed,0.14,0.41666666666666663
mlx-community/Qwen3-8B-4bit,constraint_followed,0.15,0.4114583333333333
mlx-community/Qwen3-8B-4bit,constraint_followed,0.16,0.40624999999999994
mlx-community/Qwen3-8B-4bit,constraint_followed,0.17,0.40104166666666663
mlx-community/Qwen3-8B-4bit,constraint_followed,0.18,0.39583333333333337
mlx-community/Qwen3-8B-4bit,constraint_followed,0.19,0.390625
mlx-community/Qwen3-8B-4bit,constraint_followed,0.2,0.3854166666666667
mlx-community/Qwen3-8B-4bit,constraint_followed,0.21,0.3802083333333333
mlx-community/Qwen3-8B-4bit,constraint_followed,0.22,0.375
mlx-community/Qwen3-8B-4bit,constraint_followed,0.23,0.36979166666666663
mlx-community/Qwen3-8B-4bit,constraint_followed,0.24,0.3645833333333333
mlx-community/Qwen3-8B-4bit,constraint_followed,0.25,0.359375
mlx-community/Qwen3-8B-4bit,constraint_followed,0.26,0.35416666666666663
mlx-community/Qwen3-8B-4bit,constraint_followed,0.27,0.3489583333333333
mlx-community/Qwen3-8B-4bit,constraint_followed,0.28,0.34375
mlx-community/Qwen3-8B-4bit,constraint_followed,0.29,0.3385416666666667
mlx-community/Qwen3-8B-4bit,constraint_followed,0.3,0.33333333333333326
mlx-community/Qwen3-8B-4bit,constraint_followed,0.31,0.32812499999999994
mlx-community/Qwen3-8B-4bit,constraint_followed,0.32,0.32291666666666663
mlx-community/Qwen3-8B-4bit,constraint_followed,0.33,0.31770833333333326
mlx-community/Qwen3-8B-4bit,constraint_followed,0.34,0.31249999999999994
mlx-community/Qwen3-8B-4bit,constraint_followed,0.35000000000000003,0.30729166666666663
mlx-community/Qwen3-8B-4bit,constraint_followed,0.36,0.30208333333333337
mlx-community/Qwen3-8B-4bit,constraint_followed,0.37,0.296875
mlx-community/Qwen3-8B-4bit,constraint_followed,0.38,0.29166666666666663
mlx-community/Qwen3-8B-4bit,constraint_followed,0.39,0.2864583333333333
mlx-community/Qwen3-8B-4bit,constraint_followed,0.4,0.28124999999999994
mlx-community/Qwen3-8B-4bit,constraint_followed,0.41000000000000003,0.27604166666666663
mlx-community/Qwen3-8B-4bit,constraint_followed,0.42,0.27083333333333337
mlx-community/Qwen3-8B-4bit,constraint_followed,0.43,0.26562500000000006
mlx-community/Qwen3-8B-4bit,constraint_followed,0.44,0.2604166666666667
mlx-community/Qwen3-8B-4bit,constraint_followed,0.45,0.25520833333333337
mlx-community/Qwen3-8B-4bit,constraint_followed,0.46,0.25
mlx-community/Qwen3-8B-4bit,constraint_followed,0.47000000000000003,0.24479166666666666
mlx-community/Qwen3-8B-4bit,constraint_followed,0.48,0.23958333333333331
mlx-community/Qwen3-8B-4bit,constraint_followed,0.49,0.234375
mlx-community/Qwen3-8B-4bit,constraint_followed,0.5,0.22916666666666666
mlx-community/Qwen3-8B-4bit,constraint_followed,0.51,0.22395833333333331
mlx-community/Qwen3-8B-4bit,constraint_followed,0.52,0.21875
mlx-community/Qwen3-8B-4bit,constraint_followed,0.53,0.21354166666666663
mlx-community/Qwen3-8B-4bit,constraint_followed,0.54,0.20833333333333331
mlx-community/Qwen3-8B-4bit,constraint_followed,0.55,0.20312499999999997
mlx-community/Qwen3-8B-4bit,constraint_followed,0.56,0.19791666666666663
mlx-community/Qwen3-8B-4bit,constraint_followed,0.5700000000000001,0.1927083333333333
mlx-community/Qwen3-8B-4bit,constraint_followed,0.58,0.1875
mlx-community/Qwen3-8B-4bit,constraint_followed,0.59,0.18229166666666669
mlx-community/Qwen3-8B-4bit,constraint_followed,0.6,0.17708333333333334
mlx-community/Qwen3-8B-4bit,constraint_followed,0.61,0.171875
mlx-community/Qwen3-8B-4bit,constraint_followed,0.62,0.16666666666666666
mlx-community/Qwen3-8B-4bit,constraint_followed,0.63,0.16145833333333331
mlx-community/Qwen3-8B-4bit,constraint_followed,0.64,0.15625
mlx-community/Qwen3-8B-4bit,constraint_followed,0.65,0.15104166666666663
mlx-community/Qwen3-8B-4bit,constraint_followed,0.66,0.14583333333333331
mlx-community/Qwen3-8B-4bit,constraint_followed,0.67,0.14062499999999997
mlx-community/Qwen3-8B-4bit,constraint_followed,0.68,0.13541666666666666
mlx-community/Qwen3-8B-4bit,constraint_followed,0.6900000000000001,0.1302083333333333
mlx-community/Qwen3-8B-4bit,constraint_followed,0.7000000000000001,0.12499999999999994
mlx-community/Qwen3-8B-4bit,constraint_followed,0.71,0.11979166666666669
mlx-community/Qwen3-8B-4bit,constraint_followed,0.72,0.11458333333333334
mlx-community/Qwen3-8B-4bit,constraint_followed,0.73,0.10937500000000001
mlx-community/Qwen3-8B-4bit,constraint_followed,0.74,0.10416666666666666
mlx-community/Qwen3-8B-4bit,constraint_followed,0.75,0.09895833333333333
mlx-community/Qwen3-8B-4bit,constraint_followed,0.76,0.09375
mlx-community/Qwen3-8B-4bit,constraint_followed,0.77,0.08854166666666666
mlx-community/Qwen3-8B-4bit,constraint_followed,0.78,0.08333333333333331
mlx-community/Qwen3-8B-4bit,constraint_followed,0.79,0.07812499999999997
mlx-community/Qwen3-8B-4bit,constraint_followed,0.8,0.07291666666666663
mlx-community/Qwen3-8B-4bit,constraint_followed,0.81,0.0677083333333333
mlx-community/Qwen3-8B-4bit,constraint_followed,0.8200000000000001,0.062499999999999965
mlx-community/Qwen3-8B-4bit,constraint_followed,0.8300000000000001,0.05729166666666663
mlx-community/Qwen3-8B-4bit,constraint_followed,0.84,0.052083333333333356
mlx-community/Qwen3-8B-4bit,constraint_followed,0.85,0.046875
mlx-community/Qwen3-8B-4bit,constraint_followed,0.86,0.04166666666666667
mlx-community/Qwen3-8B-4bit,constraint_followed,0.87,0.03645833333333333
mlx-community/Qwen3-8B-4bit,constraint_followed,0.88,0.031249999999999997
mlx-community/Qwen3-8B-4bit,constraint_followed,0.89,0.02604166666666666
mlx-community/Qwen3-8B-4bit,constraint_followed,0.9,0.02083333333333332
mlx-community/Qwen3-8B-4bit,constraint_followed,0.91,0.015624999999999983
mlx-community/Qwen3-8B-4bit,constraint_followed,0.92,0.010416666666666647
mlx-community/Qwen3-8B-4bit,constraint_followed,0.93,0.005208333333333304
mlx-community/Qwen3-8B-4bit,constraint_followed,0.9400000000000001,-3.122502256758253e-17
mlx-community/Qwen3-8B-4bit,constraint_followed,0.9500000000000001,-0.00520833333333337
mlx-community/Qwen3-8B-4bit,constraint_followed,0.96,-0.01041666666666665
mlx-community/Qwen3-8B-4bit,constraint_followed,0.97,-0.015624999999999986
mlx-community/Qwen3-8B-4bit,constraint_followed,0.98,-0.020833333333333325
mlx-community/Qwen3-8B-4bit,constraint_followed,0.99,-0.026041666666666664
mlx-community/Qwen3-8B-4bit,constraint_followed,1.0,-0.03125
pooled_models,constraint_followed,0.0,0.28125
pooled_models,constraint_followed,0.01,0.27828125
pooled_models,constraint_followed,0.02,0.2753125
pooled_models,constraint_followed,0.03,0.27234375
pooled_models,constraint_followed,0.04,0.26937500000000003
pooled_models,constraint_followed,0.05,0.26640624999999996
pooled_models,constraint_followed,0.06,0.2634375
pooled_models,constraint_followed,0.07,0.26046874999999997
pooled_models,constraint_followed,0.08,0.25750000000000006
pooled_models,constraint_followed,0.09,0.25453125
pooled_models,constraint_followed,0.1,0.25156249999999997
pooled_models,constraint_followed,0.11,0.24859375
pooled_models,constraint_followed,0.12,0.245625
pooled_models,constraint_followed,0.13,0.24265625
pooled_models,constraint_followed,0.14,0.2396875
pooled_models,constraint_followed,0.15,0.23671874999999998
pooled_models,constraint_followed,0.16,0.23374999999999999
pooled_models,constraint_followed,0.17,0.23078125
pooled_models,constraint_followed,0.18,0.22781250000000003
pooled_models,constraint_followed,0.19,0.22484375000000004
pooled_models,constraint_followed,0.2,0.22187500000000002
pooled_models,constraint_followed,0.21,0.21890625
pooled_models,constraint_followed,0.22,0.2159375
pooled_models,constraint_followed,0.23,0.21296874999999998
pooled_models,constraint_followed,0.24,0.21
pooled_models,constraint_followed,0.25,0.20703125
pooled_models,constraint_followed,0.26,0.2040625
pooled_models,constraint_followed,0.27,0.20109375000000002
pooled_models,constraint_followed,0.28,0.198125
pooled_models,constraint_followed,0.29,0.19515625
pooled_models,constraint_followed,0.3,0.19218749999999998
pooled_models,constraint_followed,0.31,0.18921874999999996
pooled_models,constraint_followed,0.32,0.18624999999999997
pooled_models,constraint_followed,0.33,0.18328124999999998
pooled_models,constraint_followed,0.34,0.1803125
pooled_models,constraint_followed,0.35000000000000003,0.17734375
pooled_models,constraint_followed,0.36,0.174375
pooled_models,constraint_followed,0.37,0.17140625
pooled_models,constraint_followed,0.38,0.1684375
pooled_models,constraint_followed,0.39,0.16546875
pooled_models,constraint_followed,0.4,0.16249999999999998
pooled_models,constraint_followed,0.41000000000000003,0.15953124999999999
pooled_models,constraint_followed,0.42,0.15656250000000002
pooled_models,constraint_followed,0.43,0.15359375000000003
pooled_models,constraint_followed,0.44,0.15062500000000004
pooled_models,constraint_followed,0.45,0.14765625000000002
pooled_models,constraint_followed,0.46,0.1446875
pooled_models,constraint_followed,0.47000000000000003,0.14171875
pooled_models,constraint_followed,0.48,0.13874999999999998
pooled_models,constraint_followed,0.49,0.13578125
pooled_models,constraint_followed,0.5,0.1328125
pooled_models,constraint_followed,0.51,0.12984375
pooled_models,constraint_followed,0.52,0.12687500000000002
pooled_models,constraint_followed,0.53,0.12390624999999998
pooled_models,constraint_followed,0.54,0.12093749999999999
pooled_models,constraint_followed,0.55,0.11796875
pooled_models,constraint_followed,0.56,0.11499999999999999
pooled_models,constraint_followed,0.5700000000000001,0.11203124999999997
pooled_models,constraint_followed,0.58,0.1090625
pooled_models,constraint_followed,0.59,0.10609375000000001
pooled_models,constraint_followed,0.6,0.10312500000000001
pooled_models,constraint_followed,0.61,0.10015625
pooled_models,constraint_followed,0.62,0.0971875
pooled_models,constraint_followed,0.63,0.09421875
pooled_models,constraint_followed,0.64,0.09125
pooled_models,constraint_followed,0.65,0.08828124999999999
pooled_models,constraint_followed,0.66,0.08531249999999999
pooled_models,constraint_followed,0.67,0.08234375
pooled_models,constraint_followed,0.68,0.07937499999999999
pooled_models,constraint_followed,0.6900000000000001,0.07640624999999998
pooled_models,constraint_followed,0.7000000000000001,0.07343749999999998
pooled_models,constraint_followed,0.71,0.07046875000000001
pooled_models,constraint_followed,0.72,0.06750000000000002
pooled_models,constraint_followed,0.73,0.06453125000000001
pooled_models,constraint_followed,0.74,0.06156249999999999
pooled_models,constraint_followed,0.75,0.05859375
pooled_models,constraint_followed,0.76,0.05562500000000001
pooled_models,constraint_followed,0.77,0.052656249999999995
pooled_models,constraint_followed,0.78,0.049687499999999996
pooled_models,constraint_followed,0.79,0.04671874999999999
pooled_models,constraint_followed,0.8,0.04374999999999998
pooled_models,constraint_followed,0.81,0.040781249999999984
pooled_models,constraint_followed,0.8200000000000001,0.037812499999999985
pooled_models,constraint_followed,0.8300000000000001,0.03484374999999998
pooled_models,constraint_followed,0.84,0.031875000000000014
pooled_models,constraint_followed,0.85,0.02890625
pooled_models,constraint_followed,0.86,0.02593750000000001
pooled_models,constraint_followed,0.87,0.022968749999999996
pooled_models,constraint_followed,0.88,0.020000000000000004
pooled_models,constraint_followed,0.89,0.017031249999999998
pooled_models,constraint_followed,0.9,0.014062499999999993
pooled_models,constraint_followed,0.91,0.01109374999999999
pooled_models,constraint_followed,0.92,0.008124999999999988
pooled_models,constraint_followed,0.93,0.0051562499999999855
pooled_models,constraint_followed,0.9400000000000001,0.002187499999999983
pooled_models,constraint_followed,0.9500000000000001,-0.0007812500000000198
pooled_models,constraint_followed,0.96,-0.0037499999999999895
pooled_models,constraint_followed,0.97,-0.006718749999999992
pooled_models,constraint_followed,0.98,-0.009687499999999995
pooled_models,constraint_followed,0.99,-0.012656249999999997
pooled_models,constraint_followed,1.0,-0.015625
