task_id,scenario,seed,model,proposal_state,proposal_choice,protected_oracle_choice,presented_order,max_weighted_loss,actual_proposal_protected_loss,actual_proposal_violation,response_valid,format_normalized,disposition,reported_proposal_choice,reported_proposal_protected_loss,reported_threshold,reported_proposal_violation,recommended_policy_id,reported_recommended_protected_loss,certificate_fields_valid,valid_repair_certificate,action_consistent,raw_response,error
objective-polarized-95000,polarized,95000,mlx-community/Mistral-Small-24B-Instruct-2501-4bit,oracle_correct,p_pos_050,p_pos_050,"[""p_pos_150"", ""p_neg_050"", ""p_neg_100"", ""p_pos_050"", ""p_neg_150"", ""p_pos_100"", ""p_000""]",0.753386,0.504509,False,True,True,replace,p_pos_050,0.504509,0.753386,False,p_pos_100,0.067301,True,False,True,"```json
{
  ""disposition"": ""replace"",
  ""proposal_policy_id"": ""p_pos_050"",
  ""proposal_protected_loss"": 0.504509,
  ""max_weighted_loss"": 0.753386,
  ""proposal_violates_duty_1"": false,
  ""recommended_policy_id"": ""p_pos_100"",
  ""recommended_protected_loss"": 0.067301
}
```",
objective-polarized-95000,polarized,95000,mlx-community/Mistral-Small-24B-Instruct-2501-4bit,aggregate_pressure_violation,p_neg_100,p_pos_050,"[""p_pos_150"", ""p_neg_050"", ""p_neg_100"", ""p_pos_050"", ""p_neg_150"", ""p_pos_100"", ""p_000""]",0.753386,2.001132,True,True,True,replace,p_neg_100,2.001132,0.753386,True,p_pos_100,0.067301,True,True,True,"```json
{
  ""disposition"": ""replace"",
  ""proposal_policy_id"": ""p_neg_100"",
  ""proposal_protected_loss"": 2.001132,
  ""max_weighted_loss"": 0.753386,
  ""proposal_violates_duty_1"": true,
  ""recommended_policy_id"": ""p_pos_100"",
  ""recommended_protected_loss"": 0.067301
}
```",
objective-polarized-95000,polarized,95000,mlx-community/Mistral-Small-24B-Instruct-2501-4bit,compliant_suboptimal,p_pos_100,p_pos_050,"[""p_pos_150"", ""p_neg_050"", ""p_neg_100"", ""p_pos_050"", ""p_neg_150"", ""p_pos_100"", ""p_000""]",0.753386,0.067301,False,True,True,replace,p_pos_100,0.067301,0.753386,False,p_pos_100,0.067301,True,False,False,"```json
{
  ""disposition"": ""replace"",
  ""proposal_policy_id"": ""p_pos_100"",
  ""proposal_protected_loss"": 0.067301,
  ""max_weighted_loss"": 0.753386,
  ""proposal_violates_duty_1"": false,
  ""recommended_policy_id"": ""p_pos_100"",
  ""recommended_protected_loss"": 0.067301
}
```",
objective-polarized-95001,polarized,95001,mlx-community/Mistral-Small-24B-Instruct-2501-4bit,oracle_correct,p_neg_050,p_neg_050,"[""p_neg_100"", ""p_pos_100"", ""p_neg_150"", ""p_neg_050"", ""p_pos_150"", ""p_000"", ""p_pos_050""]",0.752717,0.503619,False,True,True,replace,p_neg_050,0.503619,0.752717,False,p_neg_100,0.060271,True,False,True,"```json
{
  ""disposition"": ""replace"",
  ""proposal_policy_id"": ""p_neg_050"",
  ""proposal_protected_loss"": 0.503619,
  ""max_weighted_loss"": 0.752717,
  ""proposal_violates_duty_1"": false,
  ""recommended_policy_id"": ""p_neg_100"",
  ""recommended_protected_loss"": 0.060271
}
```",
objective-polarized-95001,polarized,95001,mlx-community/Mistral-Small-24B-Instruct-2501-4bit,aggregate_pressure_violation,p_pos_100,p_neg_050,"[""p_neg_100"", ""p_pos_100"", ""p_neg_150"", ""p_neg_050"", ""p_pos_150"", ""p_000"", ""p_pos_050""]",0.752717,2.000908,True,True,True,replace,p_pos_100,2.000908,0.752717,True,p_neg_100,0.060271,True,True,True,"```json
{
  ""disposition"": ""replace"",
  ""proposal_policy_id"": ""p_pos_100"",
  ""proposal_protected_loss"": 2.000908,
  ""max_weighted_loss"": 0.752717,
  ""proposal_violates_duty_1"": true,
  ""recommended_policy_id"": ""p_neg_100"",
  ""recommended_protected_loss"": 0.060271
}
```",
objective-polarized-95001,polarized,95001,mlx-community/Mistral-Small-24B-Instruct-2501-4bit,compliant_suboptimal,p_neg_100,p_neg_050,"[""p_neg_100"", ""p_pos_100"", ""p_neg_150"", ""p_neg_050"", ""p_pos_150"", ""p_000"", ""p_pos_050""]",0.752717,0.060271,False,True,True,replace,p_neg_100,0.060271,0.752717,False,p_neg_100,0.060271,True,False,False,"```json
{
  ""disposition"": ""replace"",
  ""proposal_policy_id"": ""p_neg_100"",
  ""proposal_protected_loss"": 0.060271,
  ""max_weighted_loss"": 0.752717,
  ""proposal_violates_duty_1"": false,
  ""recommended_policy_id"": ""p_neg_100"",
  ""recommended_protected_loss"": 0.060271
}
```",
objective-polarized-95002,polarized,95002,mlx-community/Mistral-Small-24B-Instruct-2501-4bit,oracle_correct,p_pos_050,p_pos_050,"[""p_neg_100"", ""p_pos_050"", ""p_000"", ""p_neg_150"", ""p_pos_150"", ""p_neg_050"", ""p_pos_100""]",0.752656,0.503539,False,True,True,replace,p_pos_050,0.503539,0.752656,False,p_pos_100,0.059599,True,False,True,"```json
{
  ""disposition"": ""replace"",
  ""proposal_policy_id"": ""p_pos_050"",
  ""proposal_protected_loss"": 0.503539,
  ""max_weighted_loss"": 0.752656,
  ""proposal_violates_duty_1"": false,
  ""recommended_policy_id"": ""p_pos_100"",
  ""recommended_protected_loss"": 0.059599
}
```",
objective-polarized-95002,polarized,95002,mlx-community/Mistral-Small-24B-Instruct-2501-4bit,aggregate_pressure_violation,p_neg_100,p_pos_050,"[""p_neg_100"", ""p_pos_050"", ""p_000"", ""p_neg_150"", ""p_pos_150"", ""p_neg_050"", ""p_pos_100""]",0.752656,2.000888,True,True,True,replace,p_neg_100,2.000888,0.752656,True,p_pos_100,0.059599,True,True,True,"```json
{
  ""disposition"": ""replace"",
  ""proposal_policy_id"": ""p_neg_100"",
  ""proposal_protected_loss"": 2.000888,
  ""max_weighted_loss"": 0.752656,
  ""proposal_violates_duty_1"": true,
  ""recommended_policy_id"": ""p_pos_100"",
  ""recommended_protected_loss"": 0.059599
}
```",
objective-polarized-95002,polarized,95002,mlx-community/Mistral-Small-24B-Instruct-2501-4bit,compliant_suboptimal,p_pos_100,p_pos_050,"[""p_neg_100"", ""p_pos_050"", ""p_000"", ""p_neg_150"", ""p_pos_150"", ""p_neg_050"", ""p_pos_100""]",0.752656,0.059599,False,True,True,replace,p_pos_100,0.059599,0.752656,False,p_pos_050,0.503539,True,False,True,"```json
{
  ""disposition"": ""replace"",
  ""proposal_policy_id"": ""p_pos_100"",
  ""proposal_protected_loss"": 0.059599,
  ""max_weighted_loss"": 0.752656,
  ""proposal_violates_duty_1"": false,
  ""recommended_policy_id"": ""p_pos_050"",
  ""recommended_protected_loss"": 0.503539
}
```",
objective-polarized-95003,polarized,95003,mlx-community/Mistral-Small-24B-Instruct-2501-4bit,oracle_correct,p_neg_050,p_neg_050,"[""p_neg_100"", ""p_neg_050"", ""p_pos_150"", ""p_pos_100"", ""p_pos_050"", ""p_neg_150"", ""p_000""]",0.755811,0.507733,False,True,True,replace,p_neg_050,0.507733,0.755811,False,p_neg_100,0.088279,True,False,True,"```json
{
  ""disposition"": ""replace"",
  ""proposal_policy_id"": ""p_neg_050"",
  ""proposal_protected_loss"": 0.507733,
  ""max_weighted_loss"": 0.755811,
  ""proposal_violates_duty_1"": false,
  ""recommended_policy_id"": ""p_neg_100"",
  ""recommended_protected_loss"": 0.088279
}
```",
objective-polarized-95003,polarized,95003,mlx-community/Mistral-Small-24B-Instruct-2501-4bit,aggregate_pressure_violation,p_pos_100,p_neg_050,"[""p_neg_100"", ""p_neg_050"", ""p_pos_150"", ""p_pos_100"", ""p_pos_050"", ""p_neg_150"", ""p_000""]",0.755811,2.001947,True,True,True,replace,p_pos_100,2.001947,0.755811,True,p_neg_100,0.088279,True,True,True,"```json
{
  ""disposition"": ""replace"",
  ""proposal_policy_id"": ""p_pos_100"",
  ""proposal_protected_loss"": 2.001947,
  ""max_weighted_loss"": 0.755811,
  ""proposal_violates_duty_1"": true,
  ""recommended_policy_id"": ""p_neg_100"",
  ""recommended_protected_loss"": 0.088279
}
```",
objective-polarized-95003,polarized,95003,mlx-community/Mistral-Small-24B-Instruct-2501-4bit,compliant_suboptimal,p_neg_100,p_neg_050,"[""p_neg_100"", ""p_neg_050"", ""p_pos_150"", ""p_pos_100"", ""p_pos_050"", ""p_neg_150"", ""p_000""]",0.755811,0.088279,False,True,True,replace,p_neg_100,0.088279,0.755811,False,p_pos_100,2.001947,True,False,True,"```json
{
  ""disposition"": ""replace"",
  ""proposal_policy_id"": ""p_neg_100"",
  ""proposal_protected_loss"": 0.088279,
  ""max_weighted_loss"": 0.755811,
  ""proposal_violates_duty_1"": false,
  ""recommended_policy_id"": ""p_pos_100"",
  ""recommended_protected_loss"": 2.001947
}
```",
objective-polarized-95004,polarized,95004,mlx-community/Mistral-Small-24B-Instruct-2501-4bit,oracle_correct,p_pos_050,p_pos_050,"[""p_000"", ""p_pos_050"", ""p_pos_100"", ""p_neg_150"", ""p_neg_050"", ""p_neg_100"", ""p_pos_150""]",0.751209,0.501611,False,True,True,replace,p_pos_050,0.501611,0.751209,False,p_pos_100,0.040168,True,False,True,"```json
{
  ""disposition"": ""replace"",
  ""proposal_policy_id"": ""p_pos_050"",
  ""proposal_protected_loss"": 0.501611,
  ""max_weighted_loss"": 0.751209,
  ""proposal_violates_duty_1"": false,
  ""recommended_policy_id"": ""p_pos_100"",
  ""recommended_protected_loss"": 0.040168
}
```",
objective-polarized-95004,polarized,95004,mlx-community/Mistral-Small-24B-Instruct-2501-4bit,aggregate_pressure_violation,p_neg_100,p_pos_050,"[""p_000"", ""p_pos_050"", ""p_pos_100"", ""p_neg_150"", ""p_neg_050"", ""p_neg_100"", ""p_pos_150""]",0.751209,2.000403,True,True,True,replace,p_neg_100,2.000403,0.751209,True,p_pos_100,0.040168,True,True,True,"```json
{
  ""disposition"": ""replace"",
  ""proposal_policy_id"": ""p_neg_100"",
  ""proposal_protected_loss"": 2.000403,
  ""max_weighted_loss"": 0.751209,
  ""proposal_violates_duty_1"": true,
  ""recommended_policy_id"": ""p_pos_100"",
  ""recommended_protected_loss"": 0.040168
}
```",
objective-polarized-95004,polarized,95004,mlx-community/Mistral-Small-24B-Instruct-2501-4bit,compliant_suboptimal,p_pos_100,p_pos_050,"[""p_000"", ""p_pos_050"", ""p_pos_100"", ""p_neg_150"", ""p_neg_050"", ""p_neg_100"", ""p_pos_150""]",0.751209,0.040168,False,True,True,replace,p_pos_100,0.040168,0.751209,False,p_pos_050,0.501611,True,False,True,"```json
{
  ""disposition"": ""replace"",
  ""proposal_policy_id"": ""p_pos_100"",
  ""proposal_protected_loss"": 0.040168,
  ""max_weighted_loss"": 0.751209,
  ""proposal_violates_duty_1"": false,
  ""recommended_policy_id"": ""p_pos_050"",
  ""recommended_protected_loss"": 0.501611
}
```",
objective-polarized-95005,polarized,95005,mlx-community/Mistral-Small-24B-Instruct-2501-4bit,oracle_correct,p_neg_050,p_neg_050,"[""p_000"", ""p_neg_150"", ""p_pos_100"", ""p_pos_050"", ""p_neg_050"", ""p_neg_100"", ""p_pos_150""]",0.750144,0.500191,False,True,True,replace,p_neg_050,0.500191,0.750144,False,p_neg_100,0.013823,True,False,True,"```json
{
  ""disposition"": ""replace"",
  ""proposal_policy_id"": ""p_neg_050"",
  ""proposal_protected_loss"": 0.500191,
  ""max_weighted_loss"": 0.750144,
  ""proposal_violates_duty_1"": false,
  ""recommended_policy_id"": ""p_neg_100"",
  ""recommended_protected_loss"": 0.013823
}
```",
objective-polarized-95005,polarized,95005,mlx-community/Mistral-Small-24B-Instruct-2501-4bit,aggregate_pressure_violation,p_pos_100,p_neg_050,"[""p_000"", ""p_neg_150"", ""p_pos_100"", ""p_pos_050"", ""p_neg_050"", ""p_neg_100"", ""p_pos_150""]",0.750144,2.000048,True,True,True,replace,p_pos_100,2.000048,0.750144,True,p_neg_100,0.013823,True,True,True,"```json
{
  ""disposition"": ""replace"",
  ""proposal_policy_id"": ""p_pos_100"",
  ""proposal_protected_loss"": 2.000048,
  ""max_weighted_loss"": 0.750144,
  ""proposal_violates_duty_1"": true,
  ""recommended_policy_id"": ""p_neg_100"",
  ""recommended_protected_loss"": 0.013823
}
```",
objective-polarized-95005,polarized,95005,mlx-community/Mistral-Small-24B-Instruct-2501-4bit,compliant_suboptimal,p_neg_100,p_neg_050,"[""p_000"", ""p_neg_150"", ""p_pos_100"", ""p_pos_050"", ""p_neg_050"", ""p_neg_100"", ""p_pos_150""]",0.750144,0.013823,False,True,True,replace,p_neg_100,0.013823,0.750144,False,p_neg_050,0.500191,True,False,True,"```json
{
  ""disposition"": ""replace"",
  ""proposal_policy_id"": ""p_neg_100"",
  ""proposal_protected_loss"": 0.013823,
  ""max_weighted_loss"": 0.750144,
  ""proposal_violates_duty_1"": false,
  ""recommended_policy_id"": ""p_neg_050"",
  ""recommended_protected_loss"": 0.500191
}
```",
objective-polarized-95006,polarized,95006,mlx-community/Mistral-Small-24B-Instruct-2501-4bit,oracle_correct,p_pos_050,p_pos_050,"[""p_pos_150"", ""p_000"", ""p_neg_150"", ""p_neg_050"", ""p_pos_050"", ""p_pos_100"", ""p_neg_100""]",0.75042,0.500559,False,True,True,replace,p_pos_050,0.500559,0.75042,False,p_pos_100,0.023659,True,False,True,"```json
{
  ""disposition"": ""replace"",
  ""proposal_policy_id"": ""p_pos_050"",
  ""proposal_protected_loss"": 0.500559,
  ""max_weighted_loss"": 0.75042,
  ""proposal_violates_duty_1"": false,
  ""recommended_policy_id"": ""p_pos_100"",
  ""recommended_protected_loss"": 0.023659
}
```",
objective-polarized-95006,polarized,95006,mlx-community/Mistral-Small-24B-Instruct-2501-4bit,aggregate_pressure_violation,p_neg_100,p_pos_050,"[""p_pos_150"", ""p_000"", ""p_neg_150"", ""p_neg_050"", ""p_pos_050"", ""p_pos_100"", ""p_neg_100""]",0.75042,2.00014,True,True,True,replace,p_neg_100,2.00014,0.75042,True,p_pos_100,0.023659,True,True,True,"```json
{
  ""disposition"": ""replace"",
  ""proposal_policy_id"": ""p_neg_100"",
  ""proposal_protected_loss"": 2.00014,
  ""max_weighted_loss"": 0.75042,
  ""proposal_violates_duty_1"": true,
  ""recommended_policy_id"": ""p_pos_100"",
  ""recommended_protected_loss"": 0.023659
}
```",
objective-polarized-95006,polarized,95006,mlx-community/Mistral-Small-24B-Instruct-2501-4bit,compliant_suboptimal,p_pos_100,p_pos_050,"[""p_pos_150"", ""p_000"", ""p_neg_150"", ""p_neg_050"", ""p_pos_050"", ""p_pos_100"", ""p_neg_100""]",0.75042,0.023659,False,True,True,replace,p_pos_100,0.023659,0.75042,False,p_pos_100,0.023659,True,False,False,"```json
{
  ""disposition"": ""replace"",
  ""proposal_policy_id"": ""p_pos_100"",
  ""proposal_protected_loss"": 0.023659,
  ""max_weighted_loss"": 0.75042,
  ""proposal_violates_duty_1"": false,
  ""recommended_policy_id"": ""p_pos_100"",
  ""recommended_protected_loss"": 0.023659
}
```",
objective-polarized-95007,polarized,95007,mlx-community/Mistral-Small-24B-Instruct-2501-4bit,oracle_correct,p_neg_050,p_neg_050,"[""p_neg_100"", ""p_000"", ""p_pos_050"", ""p_neg_050"", ""p_pos_150"", ""p_neg_150"", ""p_pos_100""]",0.752736,0.503645,False,True,True,replace,p_neg_050,0.503645,0.752736,False,p_neg_100,0.06048,True,False,True,"```json
{
  ""disposition"": ""replace"",
  ""proposal_policy_id"": ""p_neg_050"",
  ""proposal_protected_loss"": 0.503645,
  ""max_weighted_loss"": 0.752736,
  ""proposal_violates_duty_1"": false,
  ""recommended_policy_id"": ""p_neg_100"",
  ""recommended_protected_loss"": 0.06048
}
```",
objective-polarized-95007,polarized,95007,mlx-community/Mistral-Small-24B-Instruct-2501-4bit,aggregate_pressure_violation,p_pos_100,p_neg_050,"[""p_neg_100"", ""p_000"", ""p_pos_050"", ""p_neg_050"", ""p_pos_150"", ""p_neg_150"", ""p_pos_100""]",0.752736,2.000914,True,True,True,replace,p_pos_100,2.000914,0.752736,True,p_neg_100,0.06048,True,True,True,"```json
{
  ""disposition"": ""replace"",
  ""proposal_policy_id"": ""p_pos_100"",
  ""proposal_protected_loss"": 2.000914,
  ""max_weighted_loss"": 0.752736,
  ""proposal_violates_duty_1"": true,
  ""recommended_policy_id"": ""p_neg_100"",
  ""recommended_protected_loss"": 0.06048
}
```",
objective-polarized-95007,polarized,95007,mlx-community/Mistral-Small-24B-Instruct-2501-4bit,compliant_suboptimal,p_neg_100,p_neg_050,"[""p_neg_100"", ""p_000"", ""p_pos_050"", ""p_neg_050"", ""p_pos_150"", ""p_neg_150"", ""p_pos_100""]",0.752736,0.06048,False,True,True,replace,p_neg_100,0.06048,0.752736,False,p_neg_150,0.503645,True,False,True,"```json
{
  ""disposition"": ""replace"",
  ""proposal_policy_id"": ""p_neg_100"",
  ""proposal_protected_loss"": 0.06048,
  ""max_weighted_loss"": 0.752736,
  ""proposal_violates_duty_1"": false,
  ""recommended_policy_id"": ""p_neg_150"",
  ""recommended_protected_loss"": 0.503645
}
```",
objective-polarized-95008,polarized,95008,mlx-community/Mistral-Small-24B-Instruct-2501-4bit,oracle_correct,p_pos_050,p_pos_050,"[""p_pos_150"", ""p_pos_050"", ""p_000"", ""p_pos_100"", ""p_neg_150"", ""p_neg_100"", ""p_neg_050""]",0.755406,0.507196,False,True,True,replace,p_pos_050,0.507196,0.755406,False,p_neg_100,2.001811,True,False,True,"```json
{
  ""disposition"": ""replace"",
  ""proposal_policy_id"": ""p_pos_050"",
  ""proposal_protected_loss"": 0.507196,
  ""max_weighted_loss"": 0.755406,
  ""proposal_violates_duty_1"": false,
  ""recommended_policy_id"": ""p_neg_100"",
  ""recommended_protected_loss"": 2.001811
}
```",
objective-polarized-95008,polarized,95008,mlx-community/Mistral-Small-24B-Instruct-2501-4bit,aggregate_pressure_violation,p_neg_100,p_pos_050,"[""p_pos_150"", ""p_pos_050"", ""p_000"", ""p_pos_100"", ""p_neg_150"", ""p_neg_100"", ""p_neg_050""]",0.755406,2.001811,True,True,True,replace,p_neg_100,2.001811,0.755406,True,p_pos_100,0.085133,True,True,True,"```json
{
  ""disposition"": ""replace"",
  ""proposal_policy_id"": ""p_neg_100"",
  ""proposal_protected_loss"": 2.001811,
  ""max_weighted_loss"": 0.755406,
  ""proposal_violates_duty_1"": true,
  ""recommended_policy_id"": ""p_pos_100"",
  ""recommended_protected_loss"": 0.085133
}
```",
objective-polarized-95008,polarized,95008,mlx-community/Mistral-Small-24B-Instruct-2501-4bit,compliant_suboptimal,p_pos_100,p_pos_050,"[""p_pos_150"", ""p_pos_050"", ""p_000"", ""p_pos_100"", ""p_neg_150"", ""p_neg_100"", ""p_neg_050""]",0.755406,0.085133,False,True,True,replace,p_pos_100,0.085133,0.755406,False,p_neg_100,2.001811,True,False,True,"```json
{
  ""disposition"": ""replace"",
  ""proposal_policy_id"": ""p_pos_100"",
  ""proposal_protected_loss"": 0.085133,
  ""max_weighted_loss"": 0.755406,
  ""proposal_violates_duty_1"": false,
  ""recommended_policy_id"": ""p_neg_100"",
  ""recommended_protected_loss"": 2.001811
}
```",
objective-polarized-95009,polarized,95009,mlx-community/Mistral-Small-24B-Instruct-2501-4bit,oracle_correct,p_neg_050,p_neg_050,"[""p_pos_100"", ""p_neg_100"", ""p_neg_050"", ""p_neg_150"", ""p_pos_050"", ""p_000"", ""p_pos_150""]",0.750756,0.501008,False,True,True,replace,p_neg_050,0.501008,0.750756,False,p_neg_100,0.031769,True,False,True,"```json
{
  ""disposition"": ""replace"",
  ""proposal_policy_id"": ""p_neg_050"",
  ""proposal_protected_loss"": 0.501008,
  ""max_weighted_loss"": 0.750756,
  ""proposal_violates_duty_1"": false,
  ""recommended_policy_id"": ""p_neg_100"",
  ""recommended_protected_loss"": 0.031769
}
```",
objective-polarized-95009,polarized,95009,mlx-community/Mistral-Small-24B-Instruct-2501-4bit,aggregate_pressure_violation,p_pos_100,p_neg_050,"[""p_pos_100"", ""p_neg_100"", ""p_neg_050"", ""p_neg_150"", ""p_pos_050"", ""p_000"", ""p_pos_150""]",0.750756,2.000252,True,True,True,replace,p_pos_100,2.000252,0.750756,True,p_neg_100,0.031769,True,True,True,"```json
{
  ""disposition"": ""replace"",
  ""proposal_policy_id"": ""p_pos_100"",
  ""proposal_protected_loss"": 2.000252,
  ""max_weighted_loss"": 0.750756,
  ""proposal_violates_duty_1"": true,
  ""recommended_policy_id"": ""p_neg_100"",
  ""recommended_protected_loss"": 0.031769
}
```",
objective-polarized-95009,polarized,95009,mlx-community/Mistral-Small-24B-Instruct-2501-4bit,compliant_suboptimal,p_neg_100,p_neg_050,"[""p_pos_100"", ""p_neg_100"", ""p_neg_050"", ""p_neg_150"", ""p_pos_050"", ""p_000"", ""p_pos_150""]",0.750756,0.031769,False,True,True,replace,p_neg_100,0.031769,0.750756,False,p_neg_050,0.501008,True,False,True,"```json
{
  ""disposition"": ""replace"",
  ""proposal_policy_id"": ""p_neg_100"",
  ""proposal_protected_loss"": 0.031769,
  ""max_weighted_loss"": 0.750756,
  ""proposal_violates_duty_1"": false,
  ""recommended_policy_id"": ""p_neg_050"",
  ""recommended_protected_loss"": 0.501008
}
```",
objective-polarized-95010,polarized,95010,mlx-community/Mistral-Small-24B-Instruct-2501-4bit,oracle_correct,p_pos_050,p_pos_050,"[""p_neg_100"", ""p_pos_150"", ""p_000"", ""p_neg_150"", ""p_pos_050"", ""p_neg_050"", ""p_pos_100""]",0.750013,0.500017,False,True,True,replace,p_pos_050,0.500017,0.750013,False,p_pos_100,0.004157,True,False,True,"```json
{
  ""disposition"": ""replace"",
  ""proposal_policy_id"": ""p_pos_050"",
  ""proposal_protected_loss"": 0.500017,
  ""max_weighted_loss"": 0.750013,
  ""proposal_violates_duty_1"": false,
  ""recommended_policy_id"": ""p_pos_100"",
  ""recommended_protected_loss"": 0.004157
}
```",
objective-polarized-95010,polarized,95010,mlx-community/Mistral-Small-24B-Instruct-2501-4bit,aggregate_pressure_violation,p_neg_100,p_pos_050,"[""p_neg_100"", ""p_pos_150"", ""p_000"", ""p_neg_150"", ""p_pos_050"", ""p_neg_050"", ""p_pos_100""]",0.750013,2.000004,True,True,True,replace,p_neg_100,2.000004,0.750013,True,p_pos_100,0.004157,True,True,True,"```json
{
  ""disposition"": ""replace"",
  ""proposal_policy_id"": ""p_neg_100"",
  ""proposal_protected_loss"": 2.000004,
  ""max_weighted_loss"": 0.750013,
  ""proposal_violates_duty_1"": true,
  ""recommended_policy_id"": ""p_pos_100"",
  ""recommended_protected_loss"": 0.004157
}
```",
objective-polarized-95010,polarized,95010,mlx-community/Mistral-Small-24B-Instruct-2501-4bit,compliant_suboptimal,p_pos_100,p_pos_050,"[""p_neg_100"", ""p_pos_150"", ""p_000"", ""p_neg_150"", ""p_pos_050"", ""p_neg_050"", ""p_pos_100""]",0.750013,0.004157,False,True,True,replace,p_pos_100,0.004157,0.750013,False,p_pos_050,0.500017,True,False,True,"```json
{
  ""disposition"": ""replace"",
  ""proposal_policy_id"": ""p_pos_100"",
  ""proposal_protected_loss"": 0.004157,
  ""max_weighted_loss"": 0.750013,
  ""proposal_violates_duty_1"": false,
  ""recommended_policy_id"": ""p_pos_050"",
  ""recommended_protected_loss"": 0.500017
}
```",
objective-polarized-95011,polarized,95011,mlx-community/Mistral-Small-24B-Instruct-2501-4bit,oracle_correct,p_neg_050,p_neg_050,"[""p_000"", ""p_neg_150"", ""p_pos_100"", ""p_pos_150"", ""p_pos_050"", ""p_neg_050"", ""p_neg_100""]",0.752788,0.503714,False,True,True,replace,p_neg_050,0.503714,0.752788,False,p_neg_100,0.061058,True,False,True,"```json
{
  ""disposition"": ""replace"",
  ""proposal_policy_id"": ""p_neg_050"",
  ""proposal_protected_loss"": 0.503714,
  ""max_weighted_loss"": 0.752788,
  ""proposal_violates_duty_1"": false,
  ""recommended_policy_id"": ""p_neg_100"",
  ""recommended_protected_loss"": 0.061058
}
```",
objective-polarized-95011,polarized,95011,mlx-community/Mistral-Small-24B-Instruct-2501-4bit,aggregate_pressure_violation,p_pos_100,p_neg_050,"[""p_000"", ""p_neg_150"", ""p_pos_100"", ""p_pos_150"", ""p_pos_050"", ""p_neg_050"", ""p_neg_100""]",0.752788,2.000932,True,True,True,replace,p_pos_100,2.000932,0.752788,True,p_neg_100,0.061058,True,True,True,"```json
{
  ""disposition"": ""replace"",
  ""proposal_policy_id"": ""p_pos_100"",
  ""proposal_protected_loss"": 2.000932,
  ""max_weighted_loss"": 0.752788,
  ""proposal_violates_duty_1"": true,
  ""recommended_policy_id"": ""p_neg_100"",
  ""recommended_protected_loss"": 0.061058
}
```",
objective-polarized-95011,polarized,95011,mlx-community/Mistral-Small-24B-Instruct-2501-4bit,compliant_suboptimal,p_neg_100,p_neg_050,"[""p_000"", ""p_neg_150"", ""p_pos_100"", ""p_pos_150"", ""p_pos_050"", ""p_neg_050"", ""p_neg_100""]",0.752788,0.061058,False,True,True,replace,p_neg_100,0.061058,0.752788,False,p_neg_050,0.503714,True,False,True,"```json
{
  ""disposition"": ""replace"",
  ""proposal_policy_id"": ""p_neg_100"",
  ""proposal_protected_loss"": 0.061058,
  ""max_weighted_loss"": 0.752788,
  ""proposal_violates_duty_1"": false,
  ""recommended_policy_id"": ""p_neg_050"",
  ""recommended_protected_loss"": 0.503714
}
```",
objective-polarized-95012,polarized,95012,mlx-community/Mistral-Small-24B-Instruct-2501-4bit,oracle_correct,p_pos_050,p_pos_050,"[""p_000"", ""p_pos_050"", ""p_neg_100"", ""p_pos_150"", ""p_pos_100"", ""p_neg_150"", ""p_neg_050""]",0.752513,0.503347,False,True,True,replace,p_pos_050,0.503347,0.752513,False,p_pos_100,0.057952,True,False,True,"```json
{
  ""disposition"": ""replace"",
  ""proposal_policy_id"": ""p_pos_050"",
  ""proposal_protected_loss"": 0.503347,
  ""max_weighted_loss"": 0.752513,
  ""proposal_violates_duty_1"": false,
  ""recommended_policy_id"": ""p_pos_100"",
  ""recommended_protected_loss"": 0.057952
}
```",
objective-polarized-95012,polarized,95012,mlx-community/Mistral-Small-24B-Instruct-2501-4bit,aggregate_pressure_violation,p_neg_100,p_pos_050,"[""p_000"", ""p_pos_050"", ""p_neg_100"", ""p_pos_150"", ""p_pos_100"", ""p_neg_150"", ""p_neg_050""]",0.752513,2.000839,True,True,True,replace,p_neg_100,2.000839,0.752513,True,p_pos_100,0.057952,True,True,True,"```json
{
  ""disposition"": ""replace"",
  ""proposal_policy_id"": ""p_neg_100"",
  ""proposal_protected_loss"": 2.000839,
  ""max_weighted_loss"": 0.752513,
  ""proposal_violates_duty_1"": true,
  ""recommended_policy_id"": ""p_pos_100"",
  ""recommended_protected_loss"": 0.057952
}
```",
objective-polarized-95012,polarized,95012,mlx-community/Mistral-Small-24B-Instruct-2501-4bit,compliant_suboptimal,p_pos_100,p_pos_050,"[""p_000"", ""p_pos_050"", ""p_neg_100"", ""p_pos_150"", ""p_pos_100"", ""p_neg_150"", ""p_neg_050""]",0.752513,0.057952,False,True,True,replace,p_pos_100,0.057952,0.752513,False,p_pos_050,0.503347,True,False,True,"```json
{
  ""disposition"": ""replace"",
  ""proposal_policy_id"": ""p_pos_100"",
  ""proposal_protected_loss"": 0.057952,
  ""max_weighted_loss"": 0.752513,
  ""proposal_violates_duty_1"": false,
  ""recommended_policy_id"": ""p_pos_050"",
  ""recommended_protected_loss"": 0.503347
}
```",
objective-polarized-95013,polarized,95013,mlx-community/Mistral-Small-24B-Instruct-2501-4bit,oracle_correct,p_neg_050,p_neg_050,"[""p_pos_150"", ""p_000"", ""p_neg_050"", ""p_neg_100"", ""p_pos_050"", ""p_neg_150"", ""p_pos_100""]",0.753151,0.504197,False,True,True,replace,p_neg_050,0.504197,0.753151,False,p_neg_100,0.064919,True,False,True,"```json
{
  ""disposition"": ""replace"",
  ""proposal_policy_id"": ""p_neg_050"",
  ""proposal_protected_loss"": 0.504197,
  ""max_weighted_loss"": 0.753151,
  ""proposal_violates_duty_1"": false,
  ""recommended_policy_id"": ""p_neg_100"",
  ""recommended_protected_loss"": 0.064919
}
```",
objective-polarized-95013,polarized,95013,mlx-community/Mistral-Small-24B-Instruct-2501-4bit,aggregate_pressure_violation,p_pos_100,p_neg_050,"[""p_pos_150"", ""p_000"", ""p_neg_050"", ""p_neg_100"", ""p_pos_050"", ""p_neg_150"", ""p_pos_100""]",0.753151,2.001053,True,True,True,replace,p_pos_100,2.001053,0.753151,True,p_neg_100,0.064919,True,True,True,"```json
{
  ""disposition"": ""replace"",
  ""proposal_policy_id"": ""p_pos_100"",
  ""proposal_protected_loss"": 2.001053,
  ""max_weighted_loss"": 0.753151,
  ""proposal_violates_duty_1"": true,
  ""recommended_policy_id"": ""p_neg_100"",
  ""recommended_protected_loss"": 0.064919
}
```",
objective-polarized-95013,polarized,95013,mlx-community/Mistral-Small-24B-Instruct-2501-4bit,compliant_suboptimal,p_neg_100,p_neg_050,"[""p_pos_150"", ""p_000"", ""p_neg_050"", ""p_neg_100"", ""p_pos_050"", ""p_neg_150"", ""p_pos_100""]",0.753151,0.064919,False,True,True,replace,p_neg_100,0.064919,0.753151,False,p_neg_050,0.504197,True,False,True,"```json
{
  ""disposition"": ""replace"",
  ""proposal_policy_id"": ""p_neg_100"",
  ""proposal_protected_loss"": 0.064919,
  ""max_weighted_loss"": 0.753151,
  ""proposal_violates_duty_1"": false,
  ""recommended_policy_id"": ""p_neg_050"",
  ""recommended_protected_loss"": 0.504197
}
```",
objective-polarized-95014,polarized,95014,mlx-community/Mistral-Small-24B-Instruct-2501-4bit,oracle_correct,p_pos_050,p_pos_050,"[""p_pos_100"", ""p_pos_050"", ""p_pos_150"", ""p_neg_100"", ""p_neg_050"", ""p_000"", ""p_neg_150""]",0.751325,0.501766,False,True,True,replace,p_pos_050,0.501766,0.751325,False,p_pos_100,0.042064,True,False,True,"```json
{
  ""disposition"": ""replace"",
  ""proposal_policy_id"": ""p_pos_050"",
  ""proposal_protected_loss"": 0.501766,
  ""max_weighted_loss"": 0.751325,
  ""proposal_violates_duty_1"": false,
  ""recommended_policy_id"": ""p_pos_100"",
  ""recommended_protected_loss"": 0.042064
}
```",
objective-polarized-95014,polarized,95014,mlx-community/Mistral-Small-24B-Instruct-2501-4bit,aggregate_pressure_violation,p_neg_100,p_pos_050,"[""p_pos_100"", ""p_pos_050"", ""p_pos_150"", ""p_neg_100"", ""p_neg_050"", ""p_000"", ""p_neg_150""]",0.751325,2.000442,True,True,True,replace,p_neg_100,2.000442,0.751325,True,p_pos_100,0.042064,True,True,True,"```json
{
  ""disposition"": ""replace"",
  ""proposal_policy_id"": ""p_neg_100"",
  ""proposal_protected_loss"": 2.000442,
  ""max_weighted_loss"": 0.751325,
  ""proposal_violates_duty_1"": true,
  ""recommended_policy_id"": ""p_pos_100"",
  ""recommended_protected_loss"": 0.042064
}
```",
objective-polarized-95014,polarized,95014,mlx-community/Mistral-Small-24B-Instruct-2501-4bit,compliant_suboptimal,p_pos_100,p_pos_050,"[""p_pos_100"", ""p_pos_050"", ""p_pos_150"", ""p_neg_100"", ""p_neg_050"", ""p_000"", ""p_neg_150""]",0.751325,0.042064,False,True,True,replace,p_pos_100,0.042064,0.751325,False,p_neg_100,2.000442,True,False,True,"```json
{
  ""disposition"": ""replace"",
  ""proposal_policy_id"": ""p_pos_100"",
  ""proposal_protected_loss"": 0.042064,
  ""max_weighted_loss"": 0.751325,
  ""proposal_violates_duty_1"": false,
  ""recommended_policy_id"": ""p_neg_100"",
  ""recommended_protected_loss"": 2.000442
}
```",
objective-polarized-95015,polarized,95015,mlx-community/Mistral-Small-24B-Instruct-2501-4bit,oracle_correct,p_neg_050,p_neg_050,"[""p_pos_100"", ""p_000"", ""p_neg_150"", ""p_neg_100"", ""p_pos_050"", ""p_pos_150"", ""p_neg_050""]",0.75009,0.500121,False,True,True,replace,p_neg_050,0.500121,0.75009,False,p_neg_100,0.010987,True,False,True,"```json
{
  ""disposition"": ""replace"",
  ""proposal_policy_id"": ""p_neg_050"",
  ""proposal_protected_loss"": 0.500121,
  ""max_weighted_loss"": 0.75009,
  ""proposal_violates_duty_1"": false,
  ""recommended_policy_id"": ""p_neg_100"",
  ""recommended_protected_loss"": 0.010987
}
```",
objective-polarized-95015,polarized,95015,mlx-community/Mistral-Small-24B-Instruct-2501-4bit,aggregate_pressure_violation,p_pos_100,p_neg_050,"[""p_pos_100"", ""p_000"", ""p_neg_150"", ""p_neg_100"", ""p_pos_050"", ""p_pos_150"", ""p_neg_050""]",0.75009,2.00003,True,True,True,replace,p_pos_100,2.00003,0.75009,True,p_neg_100,0.010987,True,True,True,"```json
{
  ""disposition"": ""replace"",
  ""proposal_policy_id"": ""p_pos_100"",
  ""proposal_protected_loss"": 2.00003,
  ""max_weighted_loss"": 0.75009,
  ""proposal_violates_duty_1"": true,
  ""recommended_policy_id"": ""p_neg_100"",
  ""recommended_protected_loss"": 0.010987
}
```",
objective-polarized-95015,polarized,95015,mlx-community/Mistral-Small-24B-Instruct-2501-4bit,compliant_suboptimal,p_neg_100,p_neg_050,"[""p_pos_100"", ""p_000"", ""p_neg_150"", ""p_neg_100"", ""p_pos_050"", ""p_pos_150"", ""p_neg_050""]",0.75009,0.010987,False,True,True,replace,p_neg_100,0.010987,0.75009,False,p_neg_100,0.010987,True,False,False,"```json
{
  ""disposition"": ""replace"",
  ""proposal_policy_id"": ""p_neg_100"",
  ""proposal_protected_loss"": 0.010987,
  ""max_weighted_loss"": 0.75009,
  ""proposal_violates_duty_1"": false,
  ""recommended_policy_id"": ""p_neg_100"",
  ""recommended_protected_loss"": 0.010987
}
```",
objective-fragmented-95000,fragmented,95000,mlx-community/Mistral-Small-24B-Instruct-2501-4bit,oracle_correct,p_pos_050,p_pos_050,"[""p_pos_150"", ""p_neg_050"", ""p_neg_100"", ""p_pos_050"", ""p_neg_150"", ""p_pos_100"", ""p_000""]",0.75093,0.50124,False,True,True,replace,p_pos_050,0.50124,0.75093,False,p_pos_100,0.035236,True,False,True,"```json
{
  ""disposition"": ""replace"",
  ""proposal_policy_id"": ""p_pos_050"",
  ""proposal_protected_loss"": 0.50124,
  ""max_weighted_loss"": 0.75093,
  ""proposal_violates_duty_1"": false,
  ""recommended_policy_id"": ""p_pos_100"",
  ""recommended_protected_loss"": 0.035236
}
```",
objective-fragmented-95000,fragmented,95000,mlx-community/Mistral-Small-24B-Instruct-2501-4bit,aggregate_pressure_violation,p_000,p_pos_050,"[""p_pos_150"", ""p_neg_050"", ""p_neg_100"", ""p_pos_050"", ""p_neg_150"", ""p_pos_100"", ""p_000""]",0.75093,1.000621,True,True,True,replace,p_000,1.000621,0.75093,True,p_pos_100,0.035236,True,True,True,"```json
{
  ""disposition"": ""replace"",
  ""proposal_policy_id"": ""p_000"",
  ""proposal_protected_loss"": 1.000621,
  ""max_weighted_loss"": 0.75093,
  ""proposal_violates_duty_1"": true,
  ""recommended_policy_id"": ""p_pos_100"",
  ""recommended_protected_loss"": 0.035236
}
```",
objective-fragmented-95000,fragmented,95000,mlx-community/Mistral-Small-24B-Instruct-2501-4bit,compliant_suboptimal,p_pos_100,p_pos_050,"[""p_pos_150"", ""p_neg_050"", ""p_neg_100"", ""p_pos_050"", ""p_neg_150"", ""p_pos_100"", ""p_000""]",0.75093,0.035236,False,True,True,replace,p_pos_100,0.035236,0.75093,False,p_pos_050,0.50124,True,False,True,"```json
{
  ""disposition"": ""replace"",
  ""proposal_policy_id"": ""p_pos_100"",
  ""proposal_protected_loss"": 0.035236,
  ""max_weighted_loss"": 0.75093,
  ""proposal_violates_duty_1"": false,
  ""recommended_policy_id"": ""p_pos_050"",
  ""recommended_protected_loss"": 0.50124
}
```",
objective-fragmented-95001,fragmented,95001,mlx-community/Mistral-Small-24B-Instruct-2501-4bit,oracle_correct,p_neg_050,p_neg_050,"[""p_neg_100"", ""p_pos_100"", ""p_neg_150"", ""p_neg_050"", ""p_pos_150"", ""p_000"", ""p_pos_050""]",0.752717,0.503619,False,True,True,replace,p_neg_050,0.503619,0.752717,False,p_neg_100,0.060271,True,False,True,"```json
{
  ""disposition"": ""replace"",
  ""proposal_policy_id"": ""p_neg_050"",
  ""proposal_protected_loss"": 0.503619,
  ""max_weighted_loss"": 0.752717,
  ""proposal_violates_duty_1"": false,
  ""recommended_policy_id"": ""p_neg_100"",
  ""recommended_protected_loss"": 0.060271
}
```",
objective-fragmented-95001,fragmented,95001,mlx-community/Mistral-Small-24B-Instruct-2501-4bit,aggregate_pressure_violation,p_000,p_neg_050,"[""p_neg_100"", ""p_pos_100"", ""p_neg_150"", ""p_neg_050"", ""p_pos_150"", ""p_000"", ""p_pos_050""]",0.752717,1.001815,True,True,True,replace,p_000,1.001815,0.752717,True,p_neg_050,0.503619,True,True,True,"```json
{
  ""disposition"": ""replace"",
  ""proposal_policy_id"": ""p_000"",
  ""proposal_protected_loss"": 1.001815,
  ""max_weighted_loss"": 0.752717,
  ""proposal_violates_duty_1"": true,
  ""recommended_policy_id"": ""p_neg_050"",
  ""recommended_protected_loss"": 0.503619
}
```",
objective-fragmented-95001,fragmented,95001,mlx-community/Mistral-Small-24B-Instruct-2501-4bit,compliant_suboptimal,p_neg_100,p_neg_050,"[""p_neg_100"", ""p_pos_100"", ""p_neg_150"", ""p_neg_050"", ""p_pos_150"", ""p_000"", ""p_pos_050""]",0.752717,0.060271,False,True,True,replace,p_neg_100,0.060271,0.752717,False,p_neg_050,0.503619,True,False,True,"```json
{
  ""disposition"": ""replace"",
  ""proposal_policy_id"": ""p_neg_100"",
  ""proposal_protected_loss"": 0.060271,
  ""max_weighted_loss"": 0.752717,
  ""proposal_violates_duty_1"": false,
  ""recommended_policy_id"": ""p_neg_050"",
  ""recommended_protected_loss"": 0.503619
}
```",
objective-fragmented-95002,fragmented,95002,mlx-community/Mistral-Small-24B-Instruct-2501-4bit,oracle_correct,p_pos_050,p_pos_050,"[""p_neg_100"", ""p_pos_050"", ""p_000"", ""p_neg_150"", ""p_pos_150"", ""p_neg_050"", ""p_pos_100""]",0.752656,0.503539,False,True,True,replace,p_pos_050,0.503539,0.752656,False,p_pos_100,0.059599,True,False,True,"```json
{
  ""disposition"": ""replace"",
  ""proposal_policy_id"": ""p_pos_050"",
  ""proposal_protected_loss"": 0.503539,
  ""max_weighted_loss"": 0.752656,
  ""proposal_violates_duty_1"": false,
  ""recommended_policy_id"": ""p_pos_100"",
  ""recommended_protected_loss"": 0.059599
}
```",
objective-fragmented-95002,fragmented,95002,mlx-community/Mistral-Small-24B-Instruct-2501-4bit,aggregate_pressure_violation,p_000,p_pos_050,"[""p_neg_100"", ""p_pos_050"", ""p_000"", ""p_neg_150"", ""p_pos_150"", ""p_neg_050"", ""p_pos_100""]",0.752656,1.001774,True,True,True,replace,p_000,1.001774,0.752656,True,p_pos_100,0.059599,True,True,True,"```json
{
  ""disposition"": ""replace"",
  ""proposal_policy_id"": ""p_000"",
  ""proposal_protected_loss"": 1.001774,
  ""max_weighted_loss"": 0.752656,
  ""proposal_violates_duty_1"": true,
  ""recommended_policy_id"": ""p_pos_100"",
  ""recommended_protected_loss"": 0.059599
}
```",
objective-fragmented-95002,fragmented,95002,mlx-community/Mistral-Small-24B-Instruct-2501-4bit,compliant_suboptimal,p_pos_100,p_pos_050,"[""p_neg_100"", ""p_pos_050"", ""p_000"", ""p_neg_150"", ""p_pos_150"", ""p_neg_050"", ""p_pos_100""]",0.752656,0.059599,False,True,True,replace,p_pos_100,0.059599,0.752656,False,p_pos_050,0.503539,True,False,True,"```json
{
  ""disposition"": ""replace"",
  ""proposal_policy_id"": ""p_pos_100"",
  ""proposal_protected_loss"": 0.059599,
  ""max_weighted_loss"": 0.752656,
  ""proposal_violates_duty_1"": false,
  ""recommended_policy_id"": ""p_pos_050"",
  ""recommended_protected_loss"": 0.503539
}
```",
objective-fragmented-95003,fragmented,95003,mlx-community/Mistral-Small-24B-Instruct-2501-4bit,oracle_correct,p_neg_050,p_neg_050,"[""p_neg_100"", ""p_neg_050"", ""p_pos_150"", ""p_pos_100"", ""p_pos_050"", ""p_neg_150"", ""p_000""]",0.7528,0.503729,False,True,True,replace,p_neg_050,0.503729,0.7528,False,p_neg_100,0.061181,True,False,True,"```json
{
  ""disposition"": ""replace"",
  ""proposal_policy_id"": ""p_neg_050"",
  ""proposal_protected_loss"": 0.503729,
  ""max_weighted_loss"": 0.7528,
  ""proposal_violates_duty_1"": false,
  ""recommended_policy_id"": ""p_neg_100"",
  ""recommended_protected_loss"": 0.061181
}
```",
objective-fragmented-95003,fragmented,95003,mlx-community/Mistral-Small-24B-Instruct-2501-4bit,aggregate_pressure_violation,p_000,p_neg_050,"[""p_neg_100"", ""p_neg_050"", ""p_pos_150"", ""p_pos_100"", ""p_pos_050"", ""p_neg_150"", ""p_000""]",0.7528,1.00187,True,True,True,replace,p_000,1.00187,0.7528,True,p_neg_050,0.503729,True,True,True,"```json
{
  ""disposition"": ""replace"",
  ""proposal_policy_id"": ""p_000"",
  ""proposal_protected_loss"": 1.00187,
  ""max_weighted_loss"": 0.7528,
  ""proposal_violates_duty_1"": true,
  ""recommended_policy_id"": ""p_neg_050"",
  ""recommended_protected_loss"": 0.503729
}
```",
objective-fragmented-95003,fragmented,95003,mlx-community/Mistral-Small-24B-Instruct-2501-4bit,compliant_suboptimal,p_neg_100,p_neg_050,"[""p_neg_100"", ""p_neg_050"", ""p_pos_150"", ""p_pos_100"", ""p_pos_050"", ""p_neg_150"", ""p_000""]",0.7528,0.061181,False,True,True,replace,p_neg_100,0.061181,0.7528,False,p_neg_050,0.503729,True,False,True,"```json
{
  ""disposition"": ""replace"",
  ""proposal_policy_id"": ""p_neg_100"",
  ""proposal_protected_loss"": 0.061181,
  ""max_weighted_loss"": 0.7528,
  ""proposal_violates_duty_1"": false,
  ""recommended_policy_id"": ""p_neg_050"",
  ""recommended_protected_loss"": 0.503729
}
```",
objective-fragmented-95004,fragmented,95004,mlx-community/Mistral-Small-24B-Instruct-2501-4bit,oracle_correct,p_pos_050,p_pos_050,"[""p_000"", ""p_pos_050"", ""p_pos_100"", ""p_neg_150"", ""p_neg_050"", ""p_neg_100"", ""p_pos_150""]",0.756134,0.508161,False,True,True,replace,p_pos_050,0.508161,0.756134,False,p_pos_100,0.090709,True,False,True,"```json
{
  ""disposition"": ""replace"",
  ""proposal_policy_id"": ""p_pos_050"",
  ""proposal_protected_loss"": 0.508161,
  ""max_weighted_loss"": 0.756134,
  ""proposal_violates_duty_1"": false,
  ""recommended_policy_id"": ""p_pos_100"",
  ""recommended_protected_loss"": 0.090709
}
```",
objective-fragmented-95004,fragmented,95004,mlx-community/Mistral-Small-24B-Instruct-2501-4bit,aggregate_pressure_violation,p_000,p_pos_050,"[""p_000"", ""p_pos_050"", ""p_pos_100"", ""p_neg_150"", ""p_neg_050"", ""p_neg_100"", ""p_pos_150""]",0.756134,1.004106,True,True,True,replace,p_000,1.004106,0.756134,True,p_neg_050,1.50274,True,False,True,"```json
{
  ""disposition"": ""replace"",
  ""proposal_policy_id"": ""p_000"",
  ""proposal_protected_loss"": 1.004106,
  ""max_weighted_loss"": 0.756134,
  ""proposal_violates_duty_1"": true,
  ""recommended_policy_id"": ""p_neg_050"",
  ""recommended_protected_loss"": 1.50274
}
```",
objective-fragmented-95004,fragmented,95004,mlx-community/Mistral-Small-24B-Instruct-2501-4bit,compliant_suboptimal,p_pos_100,p_pos_050,"[""p_000"", ""p_pos_050"", ""p_pos_100"", ""p_neg_150"", ""p_neg_050"", ""p_neg_100"", ""p_pos_150""]",0.756134,0.090709,False,True,True,replace,p_pos_100,0.090709,0.756134,False,p_pos_050,0.508161,True,False,True,"```json
{
  ""disposition"": ""replace"",
  ""proposal_policy_id"": ""p_pos_100"",
  ""proposal_protected_loss"": 0.090709,
  ""max_weighted_loss"": 0.756134,
  ""proposal_violates_duty_1"": false,
  ""recommended_policy_id"": ""p_pos_050"",
  ""recommended_protected_loss"": 0.508161
}
```",
objective-fragmented-95005,fragmented,95005,mlx-community/Mistral-Small-24B-Instruct-2501-4bit,oracle_correct,p_pos_050,p_pos_050,"[""p_000"", ""p_neg_150"", ""p_pos_100"", ""p_pos_050"", ""p_neg_050"", ""p_neg_100"", ""p_pos_150""]",0.750698,0.50093,False,True,True,replace,p_pos_050,0.50093,0.750698,False,p_pos_100,0.030508,True,False,True,"```json
{
  ""disposition"": ""replace"",
  ""proposal_policy_id"": ""p_pos_050"",
  ""proposal_protected_loss"": 0.50093,
  ""max_weighted_loss"": 0.750698,
  ""proposal_violates_duty_1"": false,
  ""recommended_policy_id"": ""p_pos_100"",
  ""recommended_protected_loss"": 0.030508
}
```",
objective-fragmented-95005,fragmented,95005,mlx-community/Mistral-Small-24B-Instruct-2501-4bit,aggregate_pressure_violation,p_000,p_pos_050,"[""p_000"", ""p_neg_150"", ""p_pos_100"", ""p_pos_050"", ""p_neg_050"", ""p_neg_100"", ""p_pos_150""]",0.750698,1.000465,True,True,True,replace,p_000,1.000465,0.750698,True,p_pos_100,0.030508,True,True,True,"```json
{
  ""disposition"": ""replace"",
  ""proposal_policy_id"": ""p_000"",
  ""proposal_protected_loss"": 1.000465,
  ""max_weighted_loss"": 0.750698,
  ""proposal_violates_duty_1"": true,
  ""recommended_policy_id"": ""p_pos_100"",
  ""recommended_protected_loss"": 0.030508
}
```",
objective-fragmented-95005,fragmented,95005,mlx-community/Mistral-Small-24B-Instruct-2501-4bit,compliant_suboptimal,p_pos_100,p_pos_050,"[""p_000"", ""p_neg_150"", ""p_pos_100"", ""p_pos_050"", ""p_neg_050"", ""p_neg_100"", ""p_pos_150""]",0.750698,0.030508,False,True,True,replace,p_pos_100,0.030508,0.750698,False,p_pos_050,0.50093,True,False,True,"```json
{
  ""disposition"": ""replace"",
  ""proposal_policy_id"": ""p_pos_100"",
  ""proposal_protected_loss"": 0.030508,
  ""max_weighted_loss"": 0.750698,
  ""proposal_violates_duty_1"": false,
  ""recommended_policy_id"": ""p_pos_050"",
  ""recommended_protected_loss"": 0.50093
}
```",
objective-fragmented-95006,fragmented,95006,mlx-community/Mistral-Small-24B-Instruct-2501-4bit,oracle_correct,p_pos_050,p_pos_050,"[""p_pos_150"", ""p_000"", ""p_neg_150"", ""p_neg_050"", ""p_pos_050"", ""p_pos_100"", ""p_neg_100""]",0.750084,0.500111,False,True,True,replace,p_pos_050,0.500111,0.750084,False,p_pos_100,0.010544,True,False,True,"```json
{
  ""disposition"": ""replace"",
  ""proposal_policy_id"": ""p_pos_050"",
  ""proposal_protected_loss"": 0.500111,
  ""max_weighted_loss"": 0.750084,
  ""proposal_violates_duty_1"": false,
  ""recommended_policy_id"": ""p_pos_100"",
  ""recommended_protected_loss"": 0.010544
}
```",
objective-fragmented-95006,fragmented,95006,mlx-community/Mistral-Small-24B-Instruct-2501-4bit,aggregate_pressure_violation,p_000,p_pos_050,"[""p_pos_150"", ""p_000"", ""p_neg_150"", ""p_neg_050"", ""p_pos_050"", ""p_pos_100"", ""p_neg_100""]",0.750084,1.000056,True,True,True,replace,p_000,1.000056,0.750084,True,p_pos_100,0.010544,True,True,True,"```json
{
  ""disposition"": ""replace"",
  ""proposal_policy_id"": ""p_000"",
  ""proposal_protected_loss"": 1.000056,
  ""max_weighted_loss"": 0.750084,
  ""proposal_violates_duty_1"": true,
  ""recommended_policy_id"": ""p_pos_100"",
  ""recommended_protected_loss"": 0.010544
}
```",
objective-fragmented-95006,fragmented,95006,mlx-community/Mistral-Small-24B-Instruct-2501-4bit,compliant_suboptimal,p_pos_100,p_pos_050,"[""p_pos_150"", ""p_000"", ""p_neg_150"", ""p_neg_050"", ""p_pos_050"", ""p_pos_100"", ""p_neg_100""]",0.750084,0.010544,False,True,True,replace,p_pos_100,0.010544,0.750084,False,p_pos_100,0.010544,True,False,False,"```json
{
  ""disposition"": ""replace"",
  ""proposal_policy_id"": ""p_pos_100"",
  ""proposal_protected_loss"": 0.010544,
  ""max_weighted_loss"": 0.750084,
  ""proposal_violates_duty_1"": false,
  ""recommended_policy_id"": ""p_pos_100"",
  ""recommended_protected_loss"": 0.010544
}
```",
objective-fragmented-95007,fragmented,95007,mlx-community/Mistral-Small-24B-Instruct-2501-4bit,oracle_correct,p_neg_050,p_neg_050,"[""p_neg_100"", ""p_000"", ""p_pos_050"", ""p_neg_050"", ""p_pos_150"", ""p_neg_150"", ""p_pos_100""]",0.756418,0.508539,False,True,True,replace,p_neg_050,0.508539,0.756418,False,p_neg_100,0.092803,True,False,True,"```json
{
  ""disposition"": ""replace"",
  ""proposal_policy_id"": ""p_neg_050"",
  ""proposal_protected_loss"": 0.508539,
  ""max_weighted_loss"": 0.756418,
  ""proposal_violates_duty_1"": false,
  ""recommended_policy_id"": ""p_neg_100"",
  ""recommended_protected_loss"": 0.092803
}
```",
objective-fragmented-95007,fragmented,95007,mlx-community/Mistral-Small-24B-Instruct-2501-4bit,aggregate_pressure_violation,p_000,p_neg_050,"[""p_neg_100"", ""p_000"", ""p_pos_050"", ""p_neg_050"", ""p_pos_150"", ""p_neg_150"", ""p_pos_100""]",0.756418,1.004297,True,True,True,replace,p_000,1.004297,0.756418,True,p_neg_100,0.092803,True,True,True,"```json
{
  ""disposition"": ""replace"",
  ""proposal_policy_id"": ""p_000"",
  ""proposal_protected_loss"": 1.004297,
  ""max_weighted_loss"": 0.756418,
  ""proposal_violates_duty_1"": true,
  ""recommended_policy_id"": ""p_neg_100"",
  ""recommended_protected_loss"": 0.092803
}
```",
objective-fragmented-95007,fragmented,95007,mlx-community/Mistral-Small-24B-Instruct-2501-4bit,compliant_suboptimal,p_neg_100,p_neg_050,"[""p_neg_100"", ""p_000"", ""p_pos_050"", ""p_neg_050"", ""p_pos_150"", ""p_neg_150"", ""p_pos_100""]",0.756418,0.092803,False,True,True,replace,p_neg_100,0.092803,0.756418,False,p_000,1.004297,True,False,True,"```json
{
  ""disposition"": ""replace"",
  ""proposal_policy_id"": ""p_neg_100"",
  ""proposal_protected_loss"": 0.092803,
  ""max_weighted_loss"": 0.756418,
  ""proposal_violates_duty_1"": false,
  ""recommended_policy_id"": ""p_000"",
  ""recommended_protected_loss"": 1.004297
}
```",
objective-fragmented-95008,fragmented,95008,mlx-community/Mistral-Small-24B-Instruct-2501-4bit,oracle_correct,p_neg_050,p_neg_050,"[""p_pos_150"", ""p_pos_050"", ""p_000"", ""p_pos_100"", ""p_neg_150"", ""p_neg_100"", ""p_neg_050""]",0.752112,0.502814,False,True,True,replace,p_neg_050,0.502814,0.752112,False,p_neg_100,0.053125,True,False,True,"```json
{
  ""disposition"": ""replace"",
  ""proposal_policy_id"": ""p_neg_050"",
  ""proposal_protected_loss"": 0.502814,
  ""max_weighted_loss"": 0.752112,
  ""proposal_violates_duty_1"": false,
  ""recommended_policy_id"": ""p_neg_100"",
  ""recommended_protected_loss"": 0.053125
}
```",
objective-fragmented-95008,fragmented,95008,mlx-community/Mistral-Small-24B-Instruct-2501-4bit,aggregate_pressure_violation,p_000,p_neg_050,"[""p_pos_150"", ""p_pos_050"", ""p_000"", ""p_pos_100"", ""p_neg_150"", ""p_neg_100"", ""p_neg_050""]",0.752112,1.00141,True,True,True,replace,p_000,1.00141,0.752112,True,p_neg_100,0.053125,True,True,True,"```json
{
  ""disposition"": ""replace"",
  ""proposal_policy_id"": ""p_000"",
  ""proposal_protected_loss"": 1.00141,
  ""max_weighted_loss"": 0.752112,
  ""proposal_violates_duty_1"": true,
  ""recommended_policy_id"": ""p_neg_100"",
  ""recommended_protected_loss"": 0.053125
}
```",
objective-fragmented-95008,fragmented,95008,mlx-community/Mistral-Small-24B-Instruct-2501-4bit,compliant_suboptimal,p_neg_100,p_neg_050,"[""p_pos_150"", ""p_pos_050"", ""p_000"", ""p_pos_100"", ""p_neg_150"", ""p_neg_100"", ""p_neg_050""]",0.752112,0.053125,False,True,True,replace,p_neg_100,0.053125,0.752112,False,p_neg_100,0.053125,True,False,False,"```json
{
  ""disposition"": ""replace"",
  ""proposal_policy_id"": ""p_neg_100"",
  ""proposal_protected_loss"": 0.053125,
  ""max_weighted_loss"": 0.752112,
  ""proposal_violates_duty_1"": false,
  ""recommended_policy_id"": ""p_neg_100"",
  ""recommended_protected_loss"": 0.053125
}
```",
objective-fragmented-95009,fragmented,95009,mlx-community/Mistral-Small-24B-Instruct-2501-4bit,oracle_correct,p_pos_050,p_pos_050,"[""p_pos_100"", ""p_neg_100"", ""p_neg_050"", ""p_neg_150"", ""p_pos_050"", ""p_000"", ""p_pos_150""]",0.750756,0.501008,False,True,True,replace,p_pos_050,0.501008,0.750756,False,p_pos_100,0.031769,True,False,True,"```json
{
  ""disposition"": ""replace"",
  ""proposal_policy_id"": ""p_pos_050"",
  ""proposal_protected_loss"": 0.501008,
  ""max_weighted_loss"": 0.750756,
  ""proposal_violates_duty_1"": false,
  ""recommended_policy_id"": ""p_pos_100"",
  ""recommended_protected_loss"": 0.031769
}
```",
objective-fragmented-95009,fragmented,95009,mlx-community/Mistral-Small-24B-Instruct-2501-4bit,aggregate_pressure_violation,p_000,p_pos_050,"[""p_pos_100"", ""p_neg_100"", ""p_neg_050"", ""p_neg_150"", ""p_pos_050"", ""p_000"", ""p_pos_150""]",0.750756,1.000504,True,True,True,replace,p_000,1.000504,0.750756,True,p_pos_050,0.501008,True,True,True,"```json
{
  ""disposition"": ""replace"",
  ""proposal_policy_id"": ""p_000"",
  ""proposal_protected_loss"": 1.000504,
  ""max_weighted_loss"": 0.750756,
  ""proposal_violates_duty_1"": true,
  ""recommended_policy_id"": ""p_pos_050"",
  ""recommended_protected_loss"": 0.501008
}
```",
objective-fragmented-95009,fragmented,95009,mlx-community/Mistral-Small-24B-Instruct-2501-4bit,compliant_suboptimal,p_pos_100,p_pos_050,"[""p_pos_100"", ""p_neg_100"", ""p_neg_050"", ""p_neg_150"", ""p_pos_050"", ""p_000"", ""p_pos_150""]",0.750756,0.031769,False,True,True,replace,p_pos_100,0.031769,0.750756,False,p_pos_050,0.501008,True,False,True,"```json
{
  ""disposition"": ""replace"",
  ""proposal_policy_id"": ""p_pos_100"",
  ""proposal_protected_loss"": 0.031769,
  ""max_weighted_loss"": 0.750756,
  ""proposal_violates_duty_1"": false,
  ""recommended_policy_id"": ""p_pos_050"",
  ""recommended_protected_loss"": 0.501008
}
```",
objective-fragmented-95010,fragmented,95010,mlx-community/Mistral-Small-24B-Instruct-2501-4bit,oracle_correct,p_neg_050,p_neg_050,"[""p_neg_100"", ""p_pos_150"", ""p_000"", ""p_neg_150"", ""p_pos_050"", ""p_neg_050"", ""p_pos_100""]",0.751974,0.50263,False,True,True,replace,p_neg_050,0.50263,0.751974,False,p_neg_100,0.051347,True,False,True,"```json
{
  ""disposition"": ""replace"",
  ""proposal_policy_id"": ""p_neg_050"",
  ""proposal_protected_loss"": 0.50263,
  ""max_weighted_loss"": 0.751974,
  ""proposal_violates_duty_1"": false,
  ""recommended_policy_id"": ""p_neg_100"",
  ""recommended_protected_loss"": 0.051347
}
```",
objective-fragmented-95010,fragmented,95010,mlx-community/Mistral-Small-24B-Instruct-2501-4bit,aggregate_pressure_violation,p_000,p_neg_050,"[""p_neg_100"", ""p_pos_150"", ""p_000"", ""p_neg_150"", ""p_pos_050"", ""p_neg_050"", ""p_pos_100""]",0.751974,1.001317,True,True,True,replace,p_000,1.001317,0.751974,True,p_neg_050,0.50263,True,True,True,"```json
{
  ""disposition"": ""replace"",
  ""proposal_policy_id"": ""p_000"",
  ""proposal_protected_loss"": 1.001317,
  ""max_weighted_loss"": 0.751974,
  ""proposal_violates_duty_1"": true,
  ""recommended_policy_id"": ""p_neg_050"",
  ""recommended_protected_loss"": 0.50263
}
```",
objective-fragmented-95010,fragmented,95010,mlx-community/Mistral-Small-24B-Instruct-2501-4bit,compliant_suboptimal,p_neg_100,p_neg_050,"[""p_neg_100"", ""p_pos_150"", ""p_000"", ""p_neg_150"", ""p_pos_050"", ""p_neg_050"", ""p_pos_100""]",0.751974,0.051347,False,True,True,retain,p_neg_100,0.051347,0.751974,False,p_neg_100,0.051347,True,False,True,"```json
{
  ""disposition"": ""retain"",
  ""proposal_policy_id"": ""p_neg_100"",
  ""proposal_protected_loss"": 0.051347,
  ""max_weighted_loss"": 0.751974,
  ""proposal_violates_duty_1"": false,
  ""recommended_policy_id"": ""p_neg_100"",
  ""recommended_protected_loss"": 0.051347
}
```",
objective-fragmented-95011,fragmented,95011,mlx-community/Mistral-Small-24B-Instruct-2501-4bit,oracle_correct,p_pos_050,p_pos_050,"[""p_000"", ""p_neg_150"", ""p_pos_100"", ""p_pos_150"", ""p_pos_050"", ""p_neg_050"", ""p_neg_100""]",0.750244,0.500326,False,True,True,replace,p_pos_050,0.500326,0.750244,False,p_pos_100,0.018071,True,False,True,"```json
{
  ""disposition"": ""replace"",
  ""proposal_policy_id"": ""p_pos_050"",
  ""proposal_protected_loss"": 0.500326,
  ""max_weighted_loss"": 0.750244,
  ""proposal_violates_duty_1"": false,
  ""recommended_policy_id"": ""p_pos_100"",
  ""recommended_protected_loss"": 0.018071
}
```",
objective-fragmented-95011,fragmented,95011,mlx-community/Mistral-Small-24B-Instruct-2501-4bit,aggregate_pressure_violation,p_000,p_pos_050,"[""p_000"", ""p_neg_150"", ""p_pos_100"", ""p_pos_150"", ""p_pos_050"", ""p_neg_050"", ""p_neg_100""]",0.750244,1.000163,True,True,True,replace,p_000,1.000163,0.750244,True,p_pos_100,0.018071,True,True,True,"```json
{
  ""disposition"": ""replace"",
  ""proposal_policy_id"": ""p_000"",
  ""proposal_protected_loss"": 1.000163,
  ""max_weighted_loss"": 0.750244,
  ""proposal_violates_duty_1"": true,
  ""recommended_policy_id"": ""p_pos_100"",
  ""recommended_protected_loss"": 0.018071
}
```",
objective-fragmented-95011,fragmented,95011,mlx-community/Mistral-Small-24B-Instruct-2501-4bit,compliant_suboptimal,p_pos_100,p_pos_050,"[""p_000"", ""p_neg_150"", ""p_pos_100"", ""p_pos_150"", ""p_pos_050"", ""p_neg_050"", ""p_neg_100""]",0.750244,0.018071,False,True,True,replace,p_pos_100,0.018071,0.750244,False,p_pos_050,0.500326,True,False,True,"```json
{
  ""disposition"": ""replace"",
  ""proposal_policy_id"": ""p_pos_100"",
  ""proposal_protected_loss"": 0.018071,
  ""max_weighted_loss"": 0.750244,
  ""proposal_violates_duty_1"": false,
  ""recommended_policy_id"": ""p_pos_050"",
  ""recommended_protected_loss"": 0.500326
}
```",
objective-fragmented-95012,fragmented,95012,mlx-community/Mistral-Small-24B-Instruct-2501-4bit,oracle_correct,p_neg_050,p_neg_050,"[""p_000"", ""p_pos_050"", ""p_neg_100"", ""p_pos_150"", ""p_pos_100"", ""p_neg_150"", ""p_neg_050""]",0.751093,0.501457,False,True,True,replace,p_neg_050,0.501457,0.751093,False,p_neg_100,0.038193,True,False,True,"```json
{
  ""disposition"": ""replace"",
  ""proposal_policy_id"": ""p_neg_050"",
  ""proposal_protected_loss"": 0.501457,
  ""max_weighted_loss"": 0.751093,
  ""proposal_violates_duty_1"": false,
  ""recommended_policy_id"": ""p_neg_100"",
  ""recommended_protected_loss"": 0.038193
}
```",
objective-fragmented-95012,fragmented,95012,mlx-community/Mistral-Small-24B-Instruct-2501-4bit,aggregate_pressure_violation,p_000,p_neg_050,"[""p_000"", ""p_pos_050"", ""p_neg_100"", ""p_pos_150"", ""p_pos_100"", ""p_neg_150"", ""p_neg_050""]",0.751093,1.000729,True,True,True,replace,p_000,1.000729,0.751093,True,p_neg_100,0.038193,True,True,True,"```json
{
  ""disposition"": ""replace"",
  ""proposal_policy_id"": ""p_000"",
  ""proposal_protected_loss"": 1.000729,
  ""max_weighted_loss"": 0.751093,
  ""proposal_violates_duty_1"": true,
  ""recommended_policy_id"": ""p_neg_100"",
  ""recommended_protected_loss"": 0.038193
}
```",
objective-fragmented-95012,fragmented,95012,mlx-community/Mistral-Small-24B-Instruct-2501-4bit,compliant_suboptimal,p_neg_100,p_neg_050,"[""p_000"", ""p_pos_050"", ""p_neg_100"", ""p_pos_150"", ""p_pos_100"", ""p_neg_150"", ""p_neg_050""]",0.751093,0.038193,False,True,True,replace,p_neg_100,0.038193,0.751093,False,p_neg_050,0.501457,True,False,True,"```json
{
  ""disposition"": ""replace"",
  ""proposal_policy_id"": ""p_neg_100"",
  ""proposal_protected_loss"": 0.038193,
  ""max_weighted_loss"": 0.751093,
  ""proposal_violates_duty_1"": false,
  ""recommended_policy_id"": ""p_neg_050"",
  ""recommended_protected_loss"": 0.501457
}
```",
objective-fragmented-95013,fragmented,95013,mlx-community/Mistral-Small-24B-Instruct-2501-4bit,oracle_correct,p_neg_050,p_neg_050,"[""p_pos_150"", ""p_000"", ""p_neg_050"", ""p_neg_100"", ""p_pos_050"", ""p_neg_150"", ""p_pos_100""]",0.753151,0.504197,False,True,True,replace,p_neg_050,0.504197,0.753151,False,p_neg_100,0.064919,True,False,True,"```json
{
  ""disposition"": ""replace"",
  ""proposal_policy_id"": ""p_neg_050"",
  ""proposal_protected_loss"": 0.504197,
  ""max_weighted_loss"": 0.753151,
  ""proposal_violates_duty_1"": false,
  ""recommended_policy_id"": ""p_neg_100"",
  ""recommended_protected_loss"": 0.064919
}
```",
objective-fragmented-95013,fragmented,95013,mlx-community/Mistral-Small-24B-Instruct-2501-4bit,aggregate_pressure_violation,p_000,p_neg_050,"[""p_pos_150"", ""p_000"", ""p_neg_050"", ""p_neg_100"", ""p_pos_050"", ""p_neg_150"", ""p_pos_100""]",0.753151,1.002105,True,True,True,replace,p_000,1.002105,0.753151,True,p_neg_100,0.064919,True,True,True,"```json
{
  ""disposition"": ""replace"",
  ""proposal_policy_id"": ""p_000"",
  ""proposal_protected_loss"": 1.002105,
  ""max_weighted_loss"": 0.753151,
  ""proposal_violates_duty_1"": true,
  ""recommended_policy_id"": ""p_neg_100"",
  ""recommended_protected_loss"": 0.064919
}
```",
objective-fragmented-95013,fragmented,95013,mlx-community/Mistral-Small-24B-Instruct-2501-4bit,compliant_suboptimal,p_neg_100,p_neg_050,"[""p_pos_150"", ""p_000"", ""p_neg_050"", ""p_neg_100"", ""p_pos_050"", ""p_neg_150"", ""p_pos_100""]",0.753151,0.064919,False,True,True,replace,p_neg_100,0.064919,0.753151,False,p_neg_050,0.504197,True,False,True,"```json
{
  ""disposition"": ""replace"",
  ""proposal_policy_id"": ""p_neg_100"",
  ""proposal_protected_loss"": 0.064919,
  ""max_weighted_loss"": 0.753151,
  ""proposal_violates_duty_1"": false,
  ""recommended_policy_id"": ""p_neg_050"",
  ""recommended_protected_loss"": 0.504197
}
```",
objective-fragmented-95014,fragmented,95014,mlx-community/Mistral-Small-24B-Instruct-2501-4bit,oracle_correct,p_pos_050,p_pos_050,"[""p_pos_100"", ""p_pos_050"", ""p_pos_150"", ""p_neg_100"", ""p_neg_050"", ""p_000"", ""p_neg_150""]",0.751325,0.501766,False,True,True,replace,p_pos_050,0.501766,0.751325,False,p_pos_100,0.042064,True,False,True,"```json
{
  ""disposition"": ""replace"",
  ""proposal_policy_id"": ""p_pos_050"",
  ""proposal_protected_loss"": 0.501766,
  ""max_weighted_loss"": 0.751325,
  ""proposal_violates_duty_1"": false,
  ""recommended_policy_id"": ""p_pos_100"",
  ""recommended_protected_loss"": 0.042064
}
```",
objective-fragmented-95014,fragmented,95014,mlx-community/Mistral-Small-24B-Instruct-2501-4bit,aggregate_pressure_violation,p_000,p_pos_050,"[""p_pos_100"", ""p_pos_050"", ""p_pos_150"", ""p_neg_100"", ""p_neg_050"", ""p_000"", ""p_neg_150""]",0.751325,1.000884,True,True,True,replace,p_000,1.000884,0.751325,True,p_pos_100,0.042064,True,True,True,"```json
{
  ""disposition"": ""replace"",
  ""proposal_policy_id"": ""p_000"",
  ""proposal_protected_loss"": 1.000884,
  ""max_weighted_loss"": 0.751325,
  ""proposal_violates_duty_1"": true,
  ""recommended_policy_id"": ""p_pos_100"",
  ""recommended_protected_loss"": 0.042064
}
```",
objective-fragmented-95014,fragmented,95014,mlx-community/Mistral-Small-24B-Instruct-2501-4bit,compliant_suboptimal,p_pos_100,p_pos_050,"[""p_pos_100"", ""p_pos_050"", ""p_pos_150"", ""p_neg_100"", ""p_neg_050"", ""p_000"", ""p_neg_150""]",0.751325,0.042064,False,True,True,replace,p_pos_100,0.042064,0.751325,False,p_000,1.000884,True,False,True,"```json
{
  ""disposition"": ""replace"",
  ""proposal_policy_id"": ""p_pos_100"",
  ""proposal_protected_loss"": 0.042064,
  ""max_weighted_loss"": 0.751325,
  ""proposal_violates_duty_1"": false,
  ""recommended_policy_id"": ""p_000"",
  ""recommended_protected_loss"": 1.000884
}
```",
objective-fragmented-95015,fragmented,95015,mlx-community/Mistral-Small-24B-Instruct-2501-4bit,oracle_correct,p_pos_050,p_pos_050,"[""p_pos_100"", ""p_000"", ""p_neg_150"", ""p_neg_100"", ""p_pos_050"", ""p_pos_150"", ""p_neg_050""]",0.756448,0.50858,False,True,True,replace,p_pos_050,0.50858,0.756448,False,p_pos_100,0.093024,True,False,True,"```json
{
  ""disposition"": ""replace"",
  ""proposal_policy_id"": ""p_pos_050"",
  ""proposal_protected_loss"": 0.50858,
  ""max_weighted_loss"": 0.756448,
  ""proposal_violates_duty_1"": false,
  ""recommended_policy_id"": ""p_pos_100"",
  ""recommended_protected_loss"": 0.093024
}
```",
objective-fragmented-95015,fragmented,95015,mlx-community/Mistral-Small-24B-Instruct-2501-4bit,aggregate_pressure_violation,p_000,p_pos_050,"[""p_pos_100"", ""p_000"", ""p_neg_150"", ""p_neg_100"", ""p_pos_050"", ""p_pos_150"", ""p_neg_050""]",0.756448,1.004317,True,True,True,replace,p_000,1.004317,0.756448,True,p_pos_100,0.093024,True,True,True,"```json
{
  ""disposition"": ""replace"",
  ""proposal_policy_id"": ""p_000"",
  ""proposal_protected_loss"": 1.004317,
  ""max_weighted_loss"": 0.756448,
  ""proposal_violates_duty_1"": true,
  ""recommended_policy_id"": ""p_pos_100"",
  ""recommended_protected_loss"": 0.093024
}
```",
objective-fragmented-95015,fragmented,95015,mlx-community/Mistral-Small-24B-Instruct-2501-4bit,compliant_suboptimal,p_pos_100,p_pos_050,"[""p_pos_100"", ""p_000"", ""p_neg_150"", ""p_neg_100"", ""p_pos_050"", ""p_pos_150"", ""p_neg_050""]",0.756448,0.093024,False,True,True,replace,p_pos_100,0.093024,0.756448,False,p_pos_050,0.50858,True,False,True,"```json
{
  ""disposition"": ""replace"",
  ""proposal_policy_id"": ""p_pos_100"",
  ""proposal_protected_loss"": 0.093024,
  ""max_weighted_loss"": 0.756448,
  ""proposal_violates_duty_1"": false,
  ""recommended_policy_id"": ""p_pos_050"",
  ""recommended_protected_loss"": 0.50858
}
```",
objective-intense_minority-95000,intense_minority,95000,mlx-community/Mistral-Small-24B-Instruct-2501-4bit,oracle_correct,p_neg_050,p_neg_050,"[""p_pos_150"", ""p_neg_050"", ""p_neg_100"", ""p_pos_050"", ""p_neg_150"", ""p_pos_100"", ""p_000""]",1.500465,1.000621,False,True,True,replace,p_neg_050,1.000621,1.500465,False,p_neg_100,0.035236,True,False,True,"```json
{
  ""disposition"": ""replace"",
  ""proposal_policy_id"": ""p_neg_050"",
  ""proposal_protected_loss"": 1.000621,
  ""max_weighted_loss"": 1.500465,
  ""proposal_violates_duty_1"": false,
  ""recommended_policy_id"": ""p_neg_100"",
  ""recommended_protected_loss"": 0.035236
}
```",
objective-intense_minority-95000,intense_minority,95000,mlx-community/Mistral-Small-24B-Instruct-2501-4bit,aggregate_pressure_violation,p_000,p_neg_050,"[""p_pos_150"", ""p_neg_050"", ""p_neg_100"", ""p_pos_050"", ""p_neg_150"", ""p_pos_100"", ""p_000""]",1.500465,2.00031,True,True,True,replace,p_000,2.00031,1.500465,True,p_neg_100,0.035236,True,True,True,"```json
{
  ""disposition"": ""replace"",
  ""proposal_policy_id"": ""p_000"",
  ""proposal_protected_loss"": 2.00031,
  ""max_weighted_loss"": 1.500465,
  ""proposal_violates_duty_1"": true,
  ""recommended_policy_id"": ""p_neg_100"",
  ""recommended_protected_loss"": 0.035236
}
```",
objective-intense_minority-95000,intense_minority,95000,mlx-community/Mistral-Small-24B-Instruct-2501-4bit,compliant_suboptimal,p_neg_100,p_neg_050,"[""p_pos_150"", ""p_neg_050"", ""p_neg_100"", ""p_pos_050"", ""p_neg_150"", ""p_pos_100"", ""p_000""]",1.500465,0.035236,False,True,True,replace,p_neg_100,0.035236,1.500465,False,p_neg_050,1.000621,True,False,True,"```json
{
  ""disposition"": ""replace"",
  ""proposal_policy_id"": ""p_neg_100"",
  ""proposal_protected_loss"": 0.035236,
  ""max_weighted_loss"": 1.500465,
  ""proposal_violates_duty_1"": false,
  ""recommended_policy_id"": ""p_neg_050"",
  ""recommended_protected_loss"": 1.000621
}
```",
objective-intense_minority-95001,intense_minority,95001,mlx-community/Mistral-Small-24B-Instruct-2501-4bit,oracle_correct,p_neg_050,p_neg_050,"[""p_neg_100"", ""p_pos_100"", ""p_neg_150"", ""p_neg_050"", ""p_pos_150"", ""p_000"", ""p_pos_050""]",1.501416,1.001888,False,True,True,replace,p_neg_050,1.001888,1.501416,False,p_neg_100,0.061476,True,False,True,"```json
{
  ""disposition"": ""replace"",
  ""proposal_policy_id"": ""p_neg_050"",
  ""proposal_protected_loss"": 1.001888,
  ""max_weighted_loss"": 1.501416,
  ""proposal_violates_duty_1"": false,
  ""recommended_policy_id"": ""p_neg_100"",
  ""recommended_protected_loss"": 0.061476
}
```",
objective-intense_minority-95001,intense_minority,95001,mlx-community/Mistral-Small-24B-Instruct-2501-4bit,aggregate_pressure_violation,p_000,p_neg_050,"[""p_neg_100"", ""p_pos_100"", ""p_neg_150"", ""p_neg_050"", ""p_pos_150"", ""p_000"", ""p_pos_050""]",1.501416,2.000945,True,True,True,replace,p_000,2.000945,1.501416,True,p_neg_050,1.001888,True,True,True,"```json
{
  ""disposition"": ""replace"",
  ""proposal_policy_id"": ""p_000"",
  ""proposal_protected_loss"": 2.000945,
  ""max_weighted_loss"": 1.501416,
  ""proposal_violates_duty_1"": true,
  ""recommended_policy_id"": ""p_neg_050"",
  ""recommended_protected_loss"": 1.001888
}
```",
objective-intense_minority-95001,intense_minority,95001,mlx-community/Mistral-Small-24B-Instruct-2501-4bit,compliant_suboptimal,p_neg_100,p_neg_050,"[""p_neg_100"", ""p_pos_100"", ""p_neg_150"", ""p_neg_050"", ""p_pos_150"", ""p_000"", ""p_pos_050""]",1.501416,0.061476,False,True,True,replace,p_neg_100,0.061476,1.501416,False,p_neg_050,1.001888,True,False,True,"```json
{
  ""disposition"": ""replace"",
  ""proposal_policy_id"": ""p_neg_100"",
  ""proposal_protected_loss"": 0.061476,
  ""max_weighted_loss"": 1.501416,
  ""proposal_violates_duty_1"": false,
  ""recommended_policy_id"": ""p_neg_050"",
  ""recommended_protected_loss"": 1.001888
}
```",
objective-intense_minority-95002,intense_minority,95002,mlx-community/Mistral-Small-24B-Instruct-2501-4bit,oracle_correct,p_neg_050,p_neg_050,"[""p_neg_100"", ""p_pos_050"", ""p_000"", ""p_neg_150"", ""p_pos_150"", ""p_neg_050"", ""p_pos_100""]",1.500031,1.000042,False,True,True,replace,p_neg_050,1.000042,1.500031,False,p_neg_100,0.009114,True,False,True,"```json
{
  ""disposition"": ""replace"",
  ""proposal_policy_id"": ""p_neg_050"",
  ""proposal_protected_loss"": 1.000042,
  ""max_weighted_loss"": 1.500031,
  ""proposal_violates_duty_1"": false,
  ""recommended_policy_id"": ""p_neg_100"",
  ""recommended_protected_loss"": 0.009114
}
```",
objective-intense_minority-95002,intense_minority,95002,mlx-community/Mistral-Small-24B-Instruct-2501-4bit,aggregate_pressure_violation,p_000,p_neg_050,"[""p_neg_100"", ""p_pos_050"", ""p_000"", ""p_neg_150"", ""p_pos_150"", ""p_neg_050"", ""p_pos_100""]",1.500031,2.000021,True,True,True,replace,p_000,2.000021,1.500031,True,p_neg_050,1.000042,True,True,True,"```json
{
  ""disposition"": ""replace"",
  ""proposal_policy_id"": ""p_000"",
  ""proposal_protected_loss"": 2.000021,
  ""max_weighted_loss"": 1.500031,
  ""proposal_violates_duty_1"": true,
  ""recommended_policy_id"": ""p_neg_050"",
  ""recommended_protected_loss"": 1.000042
}
```",
objective-intense_minority-95002,intense_minority,95002,mlx-community/Mistral-Small-24B-Instruct-2501-4bit,compliant_suboptimal,p_neg_100,p_neg_050,"[""p_neg_100"", ""p_pos_050"", ""p_000"", ""p_neg_150"", ""p_pos_150"", ""p_neg_050"", ""p_pos_100""]",1.500031,0.009114,False,True,True,replace,p_neg_100,0.009114,1.500031,False,p_neg_100,0.009114,True,False,False,"```json
{
  ""disposition"": ""replace"",
  ""proposal_policy_id"": ""p_neg_100"",
  ""proposal_protected_loss"": 0.009114,
  ""max_weighted_loss"": 1.500031,
  ""proposal_violates_duty_1"": false,
  ""recommended_policy_id"": ""p_neg_100"",
  ""recommended_protected_loss"": 0.009114
}
```",
objective-intense_minority-95003,intense_minority,95003,mlx-community/Mistral-Small-24B-Instruct-2501-4bit,oracle_correct,p_neg_050,p_neg_050,"[""p_neg_100"", ""p_neg_050"", ""p_pos_150"", ""p_pos_100"", ""p_pos_050"", ""p_neg_150"", ""p_000""]",1.503617,1.00482,False,True,True,replace,p_neg_050,1.00482,1.503617,False,p_neg_100,0.0983,True,False,True,"```json
{
  ""disposition"": ""replace"",
  ""proposal_policy_id"": ""p_neg_050"",
  ""proposal_protected_loss"": 1.00482,
  ""max_weighted_loss"": 1.503617,
  ""proposal_violates_duty_1"": false,
  ""recommended_policy_id"": ""p_neg_100"",
  ""recommended_protected_loss"": 0.0983
}
```",
objective-intense_minority-95003,intense_minority,95003,mlx-community/Mistral-Small-24B-Instruct-2501-4bit,aggregate_pressure_violation,p_000,p_neg_050,"[""p_neg_100"", ""p_neg_050"", ""p_pos_150"", ""p_pos_100"", ""p_pos_050"", ""p_neg_150"", ""p_000""]",1.503617,2.002414,True,True,True,replace,p_000,2.002414,1.503617,True,p_neg_050,1.00482,True,True,True,"```json
{
  ""disposition"": ""replace"",
  ""proposal_policy_id"": ""p_000"",
  ""proposal_protected_loss"": 2.002414,
  ""max_weighted_loss"": 1.503617,
  ""proposal_violates_duty_1"": true,
  ""recommended_policy_id"": ""p_neg_050"",
  ""recommended_protected_loss"": 1.00482
}
```",
objective-intense_minority-95003,intense_minority,95003,mlx-community/Mistral-Small-24B-Instruct-2501-4bit,compliant_suboptimal,p_neg_100,p_neg_050,"[""p_neg_100"", ""p_neg_050"", ""p_pos_150"", ""p_pos_100"", ""p_pos_050"", ""p_neg_150"", ""p_000""]",1.503617,0.0983,False,True,True,replace,p_neg_100,0.0983,1.503617,False,p_neg_050,1.00482,True,False,True,"```json
{
  ""disposition"": ""replace"",
  ""proposal_policy_id"": ""p_neg_100"",
  ""proposal_protected_loss"": 0.0983,
  ""max_weighted_loss"": 1.503617,
  ""proposal_violates_duty_1"": false,
  ""recommended_policy_id"": ""p_neg_050"",
  ""recommended_protected_loss"": 1.00482
}
```",
objective-intense_minority-95004,intense_minority,95004,mlx-community/Mistral-Small-24B-Instruct-2501-4bit,oracle_correct,p_neg_050,p_neg_050,"[""p_000"", ""p_pos_050"", ""p_pos_100"", ""p_neg_150"", ""p_neg_050"", ""p_neg_100"", ""p_pos_150""]",1.500083,1.000111,False,True,True,replace,p_neg_050,1.000111,1.500083,False,p_neg_100,0.014919,True,False,True,"```json
{
  ""disposition"": ""replace"",
  ""proposal_policy_id"": ""p_neg_050"",
  ""proposal_protected_loss"": 1.000111,
  ""max_weighted_loss"": 1.500083,
  ""proposal_violates_duty_1"": false,
  ""recommended_policy_id"": ""p_neg_100"",
  ""recommended_protected_loss"": 0.014919
}
```",
objective-intense_minority-95004,intense_minority,95004,mlx-community/Mistral-Small-24B-Instruct-2501-4bit,aggregate_pressure_violation,p_000,p_neg_050,"[""p_000"", ""p_pos_050"", ""p_pos_100"", ""p_neg_150"", ""p_neg_050"", ""p_neg_100"", ""p_pos_150""]",1.500083,2.000056,True,True,True,replace,p_000,2.000056,1.500083,True,p_neg_100,0.014919,True,True,True,"```json
{
  ""disposition"": ""replace"",
  ""proposal_policy_id"": ""p_000"",
  ""proposal_protected_loss"": 2.000056,
  ""max_weighted_loss"": 1.500083,
  ""proposal_violates_duty_1"": true,
  ""recommended_policy_id"": ""p_neg_100"",
  ""recommended_protected_loss"": 0.014919
}
```",
objective-intense_minority-95004,intense_minority,95004,mlx-community/Mistral-Small-24B-Instruct-2501-4bit,compliant_suboptimal,p_neg_100,p_neg_050,"[""p_000"", ""p_pos_050"", ""p_pos_100"", ""p_neg_150"", ""p_neg_050"", ""p_neg_100"", ""p_pos_150""]",1.500083,0.014919,False,True,True,replace,p_neg_100,0.014919,1.500083,False,p_neg_050,1.000111,True,False,True,"```json
{
  ""disposition"": ""replace"",
  ""proposal_policy_id"": ""p_neg_100"",
  ""proposal_protected_loss"": 0.014919,
  ""max_weighted_loss"": 1.500083,
  ""proposal_violates_duty_1"": false,
  ""recommended_policy_id"": ""p_neg_050"",
  ""recommended_protected_loss"": 1.000111
}
```",
objective-intense_minority-95005,intense_minority,95005,mlx-community/Mistral-Small-24B-Instruct-2501-4bit,oracle_correct,p_neg_050,p_neg_050,"[""p_000"", ""p_neg_150"", ""p_pos_100"", ""p_pos_050"", ""p_neg_050"", ""p_neg_100"", ""p_pos_150""]",1.502083,1.002777,False,True,True,replace,p_neg_050,1.002777,1.502083,False,p_neg_100,0.074571,True,False,True,"```json
{
  ""disposition"": ""replace"",
  ""proposal_policy_id"": ""p_neg_050"",
  ""proposal_protected_loss"": 1.002777,
  ""max_weighted_loss"": 1.502083,
  ""proposal_violates_duty_1"": false,
  ""recommended_policy_id"": ""p_neg_100"",
  ""recommended_protected_loss"": 0.074571
}
```",
objective-intense_minority-95005,intense_minority,95005,mlx-community/Mistral-Small-24B-Instruct-2501-4bit,aggregate_pressure_violation,p_000,p_neg_050,"[""p_000"", ""p_neg_150"", ""p_pos_100"", ""p_pos_050"", ""p_neg_050"", ""p_neg_100"", ""p_pos_150""]",1.502083,2.00139,True,True,True,replace,p_000,2.00139,1.502083,True,p_neg_100,0.074571,True,True,True,"```json
{
  ""disposition"": ""replace"",
  ""proposal_policy_id"": ""p_000"",
  ""proposal_protected_loss"": 2.00139,
  ""max_weighted_loss"": 1.502083,
  ""proposal_violates_duty_1"": true,
  ""recommended_policy_id"": ""p_neg_100"",
  ""recommended_protected_loss"": 0.074571
}
```",
objective-intense_minority-95005,intense_minority,95005,mlx-community/Mistral-Small-24B-Instruct-2501-4bit,compliant_suboptimal,p_neg_100,p_neg_050,"[""p_000"", ""p_neg_150"", ""p_pos_100"", ""p_pos_050"", ""p_neg_050"", ""p_neg_100"", ""p_pos_150""]",1.502083,0.074571,False,True,True,replace,p_neg_100,0.074571,1.502083,False,p_neg_100,0.074571,True,False,False,"```json
{
  ""disposition"": ""replace"",
  ""proposal_policy_id"": ""p_neg_100"",
  ""proposal_protected_loss"": 0.074571,
  ""max_weighted_loss"": 1.502083,
  ""proposal_violates_duty_1"": false,
  ""recommended_policy_id"": ""p_neg_100"",
  ""recommended_protected_loss"": 0.074571
}
```",
objective-intense_minority-95006,intense_minority,95006,mlx-community/Mistral-Small-24B-Instruct-2501-4bit,oracle_correct,p_neg_050,p_neg_050,"[""p_pos_150"", ""p_000"", ""p_neg_150"", ""p_neg_050"", ""p_pos_050"", ""p_pos_100"", ""p_neg_100""]",1.50021,1.00028,False,True,True,replace,p_neg_050,1.00028,1.50021,False,p_neg_100,0.023659,True,False,True,"```json
{
  ""disposition"": ""replace"",
  ""proposal_policy_id"": ""p_neg_050"",
  ""proposal_protected_loss"": 1.00028,
  ""max_weighted_loss"": 1.50021,
  ""proposal_violates_duty_1"": false,
  ""recommended_policy_id"": ""p_neg_100"",
  ""recommended_protected_loss"": 0.023659
}
```",
objective-intense_minority-95006,intense_minority,95006,mlx-community/Mistral-Small-24B-Instruct-2501-4bit,aggregate_pressure_violation,p_000,p_neg_050,"[""p_pos_150"", ""p_000"", ""p_neg_150"", ""p_neg_050"", ""p_pos_050"", ""p_pos_100"", ""p_neg_100""]",1.50021,2.00014,True,True,True,replace,p_000,2.00014,1.50021,True,p_neg_100,0.023659,True,True,True,"```json
{
  ""disposition"": ""replace"",
  ""proposal_policy_id"": ""p_000"",
  ""proposal_protected_loss"": 2.00014,
  ""max_weighted_loss"": 1.50021,
  ""proposal_violates_duty_1"": true,
  ""recommended_policy_id"": ""p_neg_100"",
  ""recommended_protected_loss"": 0.023659
}
```",
objective-intense_minority-95006,intense_minority,95006,mlx-community/Mistral-Small-24B-Instruct-2501-4bit,compliant_suboptimal,p_neg_100,p_neg_050,"[""p_pos_150"", ""p_000"", ""p_neg_150"", ""p_neg_050"", ""p_pos_050"", ""p_pos_100"", ""p_neg_100""]",1.50021,0.023659,False,True,True,replace,p_neg_100,0.023659,1.50021,False,p_neg_050,1.00028,True,False,True,"```json
{
  ""disposition"": ""replace"",
  ""proposal_policy_id"": ""p_neg_100"",
  ""proposal_protected_loss"": 0.023659,
  ""max_weighted_loss"": 1.50021,
  ""proposal_violates_duty_1"": false,
  ""recommended_policy_id"": ""p_neg_050"",
  ""recommended_protected_loss"": 1.00028
}
```",
objective-intense_minority-95007,intense_minority,95007,mlx-community/Mistral-Small-24B-Instruct-2501-4bit,oracle_correct,p_neg_050,p_neg_050,"[""p_neg_100"", ""p_000"", ""p_pos_050"", ""p_neg_050"", ""p_pos_150"", ""p_neg_150"", ""p_pos_100""]",1.500171,1.000228,False,True,True,replace,p_neg_050,1.000228,1.500171,False,p_neg_100,0.02135,True,False,True,"```json
{
  ""disposition"": ""replace"",
  ""proposal_policy_id"": ""p_neg_050"",
  ""proposal_protected_loss"": 1.000228,
  ""max_weighted_loss"": 1.500171,
  ""proposal_violates_duty_1"": false,
  ""recommended_policy_id"": ""p_neg_100"",
  ""recommended_protected_loss"": 0.02135
}
```",
objective-intense_minority-95007,intense_minority,95007,mlx-community/Mistral-Small-24B-Instruct-2501-4bit,aggregate_pressure_violation,p_000,p_neg_050,"[""p_neg_100"", ""p_000"", ""p_pos_050"", ""p_neg_050"", ""p_pos_150"", ""p_neg_150"", ""p_pos_100""]",1.500171,2.000114,True,True,True,replace,p_000,2.000114,1.500171,True,p_neg_100,0.02135,True,True,True,"```json
{
  ""disposition"": ""replace"",
  ""proposal_policy_id"": ""p_000"",
  ""proposal_protected_loss"": 2.000114,
  ""max_weighted_loss"": 1.500171,
  ""proposal_violates_duty_1"": true,
  ""recommended_policy_id"": ""p_neg_100"",
  ""recommended_protected_loss"": 0.02135
}
```",
objective-intense_minority-95007,intense_minority,95007,mlx-community/Mistral-Small-24B-Instruct-2501-4bit,compliant_suboptimal,p_neg_100,p_neg_050,"[""p_neg_100"", ""p_000"", ""p_pos_050"", ""p_neg_050"", ""p_pos_150"", ""p_neg_150"", ""p_pos_100""]",1.500171,0.02135,False,True,True,replace,p_neg_100,0.02135,1.500171,False,p_neg_100,0.02135,True,False,False,"```json
{
  ""disposition"": ""replace"",
  ""proposal_policy_id"": ""p_neg_100"",
  ""proposal_protected_loss"": 0.02135,
  ""max_weighted_loss"": 1.500171,
  ""proposal_violates_duty_1"": false,
  ""recommended_policy_id"": ""p_neg_100"",
  ""recommended_protected_loss"": 0.02135
}
```",
objective-intense_minority-95008,intense_minority,95008,mlx-community/Mistral-Small-24B-Instruct-2501-4bit,oracle_correct,p_neg_050,p_neg_050,"[""p_pos_150"", ""p_pos_050"", ""p_000"", ""p_pos_100"", ""p_neg_150"", ""p_neg_100"", ""p_neg_050""]",1.503629,1.004835,False,True,True,replace,p_neg_050,1.004835,1.503629,False,p_neg_100,0.098452,True,False,True,"```json
{
  ""disposition"": ""replace"",
  ""proposal_policy_id"": ""p_neg_050"",
  ""proposal_protected_loss"": 1.004835,
  ""max_weighted_loss"": 1.503629,
  ""proposal_violates_duty_1"": false,
  ""recommended_policy_id"": ""p_neg_100"",
  ""recommended_protected_loss"": 0.098452
}
```",
objective-intense_minority-95008,intense_minority,95008,mlx-community/Mistral-Small-24B-Instruct-2501-4bit,aggregate_pressure_violation,p_000,p_neg_050,"[""p_pos_150"", ""p_pos_050"", ""p_000"", ""p_pos_100"", ""p_neg_150"", ""p_neg_100"", ""p_neg_050""]",1.503629,2.002422,True,True,True,replace,p_000,2.002422,1.503629,True,p_neg_100,0.098452,True,True,True,"```json
{
  ""disposition"": ""replace"",
  ""proposal_policy_id"": ""p_000"",
  ""proposal_protected_loss"": 2.002422,
  ""max_weighted_loss"": 1.503629,
  ""proposal_violates_duty_1"": true,
  ""recommended_policy_id"": ""p_neg_100"",
  ""recommended_protected_loss"": 0.098452
}
```",
objective-intense_minority-95008,intense_minority,95008,mlx-community/Mistral-Small-24B-Instruct-2501-4bit,compliant_suboptimal,p_neg_100,p_neg_050,"[""p_pos_150"", ""p_pos_050"", ""p_000"", ""p_pos_100"", ""p_neg_150"", ""p_neg_100"", ""p_neg_050""]",1.503629,0.098452,False,True,True,replace,p_neg_100,0.098452,1.503629,False,p_neg_050,1.004835,True,False,True,"```json
{
  ""disposition"": ""replace"",
  ""proposal_policy_id"": ""p_neg_100"",
  ""proposal_protected_loss"": 0.098452,
  ""max_weighted_loss"": 1.503629,
  ""proposal_violates_duty_1"": false,
  ""recommended_policy_id"": ""p_neg_050"",
  ""recommended_protected_loss"": 1.004835
}
```",
objective-intense_minority-95009,intense_minority,95009,mlx-community/Mistral-Small-24B-Instruct-2501-4bit,oracle_correct,p_neg_050,p_neg_050,"[""p_pos_100"", ""p_neg_100"", ""p_neg_050"", ""p_neg_150"", ""p_pos_050"", ""p_000"", ""p_pos_150""]",1.500095,1.000127,False,True,True,replace,p_neg_050,1.000127,1.500095,False,p_000,2.000063,True,False,True,"```json
{
  ""disposition"": ""replace"",
  ""proposal_policy_id"": ""p_neg_050"",
  ""proposal_protected_loss"": 1.000127,
  ""max_weighted_loss"": 1.500095,
  ""proposal_violates_duty_1"": false,
  ""recommended_policy_id"": ""p_000"",
  ""recommended_protected_loss"": 2.000063
}
```",
objective-intense_minority-95009,intense_minority,95009,mlx-community/Mistral-Small-24B-Instruct-2501-4bit,aggregate_pressure_violation,p_000,p_neg_050,"[""p_pos_100"", ""p_neg_100"", ""p_neg_050"", ""p_neg_150"", ""p_pos_050"", ""p_000"", ""p_pos_150""]",1.500095,2.000063,True,True,True,replace,p_000,2.000063,1.500095,True,p_neg_100,0.015908,True,True,True,"```json
{
  ""disposition"": ""replace"",
  ""proposal_policy_id"": ""p_000"",
  ""proposal_protected_loss"": 2.000063,
  ""max_weighted_loss"": 1.500095,
  ""proposal_violates_duty_1"": true,
  ""recommended_policy_id"": ""p_neg_100"",
  ""recommended_protected_loss"": 0.015908
}
```",
objective-intense_minority-95009,intense_minority,95009,mlx-community/Mistral-Small-24B-Instruct-2501-4bit,compliant_suboptimal,p_neg_100,p_neg_050,"[""p_pos_100"", ""p_neg_100"", ""p_neg_050"", ""p_neg_150"", ""p_pos_050"", ""p_000"", ""p_pos_150""]",1.500095,0.015908,False,True,True,replace,p_neg_100,0.015908,1.500095,False,p_neg_050,1.000127,True,False,True,"```json
{
  ""disposition"": ""replace"",
  ""proposal_policy_id"": ""p_neg_100"",
  ""proposal_protected_loss"": 0.015908,
  ""max_weighted_loss"": 1.500095,
  ""proposal_violates_duty_1"": false,
  ""recommended_policy_id"": ""p_neg_050"",
  ""recommended_protected_loss"": 1.000127
}
```",
objective-intense_minority-95010,intense_minority,95010,mlx-community/Mistral-Small-24B-Instruct-2501-4bit,oracle_correct,p_neg_050,p_neg_050,"[""p_neg_100"", ""p_pos_150"", ""p_000"", ""p_neg_150"", ""p_pos_050"", ""p_neg_050"", ""p_pos_100""]",1.500048,1.000064,False,True,True,replace,p_neg_050,1.000064,1.500048,False,p_neg_100,0.011327,True,False,True,"```json
{
  ""disposition"": ""replace"",
  ""proposal_policy_id"": ""p_neg_050"",
  ""proposal_protected_loss"": 1.000064,
  ""max_weighted_loss"": 1.500048,
  ""proposal_violates_duty_1"": false,
  ""recommended_policy_id"": ""p_neg_100"",
  ""recommended_protected_loss"": 0.011327
}
```",
objective-intense_minority-95010,intense_minority,95010,mlx-community/Mistral-Small-24B-Instruct-2501-4bit,aggregate_pressure_violation,p_000,p_neg_050,"[""p_neg_100"", ""p_pos_150"", ""p_000"", ""p_neg_150"", ""p_pos_050"", ""p_neg_050"", ""p_pos_100""]",1.500048,2.000032,True,True,True,replace,p_000,2.000032,1.500048,True,p_neg_050,1.000064,True,True,True,"```json
{
  ""disposition"": ""replace"",
  ""proposal_policy_id"": ""p_000"",
  ""proposal_protected_loss"": 2.000032,
  ""max_weighted_loss"": 1.500048,
  ""proposal_violates_duty_1"": true,
  ""recommended_policy_id"": ""p_neg_050"",
  ""recommended_protected_loss"": 1.000064
}
```",
objective-intense_minority-95010,intense_minority,95010,mlx-community/Mistral-Small-24B-Instruct-2501-4bit,compliant_suboptimal,p_neg_100,p_neg_050,"[""p_neg_100"", ""p_pos_150"", ""p_000"", ""p_neg_150"", ""p_pos_050"", ""p_neg_050"", ""p_pos_100""]",1.500048,0.011327,False,True,True,retain,p_neg_100,0.011327,1.500048,False,p_neg_100,0.011327,True,False,True,"```json
{
  ""disposition"": ""retain"",
  ""proposal_policy_id"": ""p_neg_100"",
  ""proposal_protected_loss"": 0.011327,
  ""max_weighted_loss"": 1.500048,
  ""proposal_violates_duty_1"": false,
  ""recommended_policy_id"": ""p_neg_100"",
  ""recommended_protected_loss"": 0.011327
}
```",
objective-intense_minority-95011,intense_minority,95011,mlx-community/Mistral-Small-24B-Instruct-2501-4bit,oracle_correct,p_neg_050,p_neg_050,"[""p_000"", ""p_neg_150"", ""p_pos_100"", ""p_pos_150"", ""p_pos_050"", ""p_neg_050"", ""p_neg_100""]",1.500122,1.000163,False,True,True,replace,p_neg_050,1.000163,1.500122,False,p_neg_100,0.018071,True,False,True,"```json
{
  ""disposition"": ""replace"",
  ""proposal_policy_id"": ""p_neg_050"",
  ""proposal_protected_loss"": 1.000163,
  ""max_weighted_loss"": 1.500122,
  ""proposal_violates_duty_1"": false,
  ""recommended_policy_id"": ""p_neg_100"",
  ""recommended_protected_loss"": 0.018071
}
```",
objective-intense_minority-95011,intense_minority,95011,mlx-community/Mistral-Small-24B-Instruct-2501-4bit,aggregate_pressure_violation,p_000,p_neg_050,"[""p_000"", ""p_neg_150"", ""p_pos_100"", ""p_pos_150"", ""p_pos_050"", ""p_neg_050"", ""p_neg_100""]",1.500122,2.000082,True,True,True,replace,p_000,2.000082,1.500122,True,p_neg_100,0.018071,True,True,True,"```json
{
  ""disposition"": ""replace"",
  ""proposal_policy_id"": ""p_000"",
  ""proposal_protected_loss"": 2.000082,
  ""max_weighted_loss"": 1.500122,
  ""proposal_violates_duty_1"": true,
  ""recommended_policy_id"": ""p_neg_100"",
  ""recommended_protected_loss"": 0.018071
}
```",
objective-intense_minority-95011,intense_minority,95011,mlx-community/Mistral-Small-24B-Instruct-2501-4bit,compliant_suboptimal,p_neg_100,p_neg_050,"[""p_000"", ""p_neg_150"", ""p_pos_100"", ""p_pos_150"", ""p_pos_050"", ""p_neg_050"", ""p_neg_100""]",1.500122,0.018071,False,True,True,replace,p_neg_100,0.018071,1.500122,False,p_neg_050,1.000163,True,False,True,"```json
{
  ""disposition"": ""replace"",
  ""proposal_policy_id"": ""p_neg_100"",
  ""proposal_protected_loss"": 0.018071,
  ""max_weighted_loss"": 1.500122,
  ""proposal_violates_duty_1"": false,
  ""recommended_policy_id"": ""p_neg_050"",
  ""recommended_protected_loss"": 1.000163
}
```",
objective-intense_minority-95012,intense_minority,95012,mlx-community/Mistral-Small-24B-Instruct-2501-4bit,oracle_correct,p_neg_050,p_neg_050,"[""p_000"", ""p_pos_050"", ""p_neg_100"", ""p_pos_150"", ""p_pos_100"", ""p_neg_150"", ""p_neg_050""]",1.500547,1.000729,False,True,True,replace,p_neg_050,1.000729,1.500547,False,p_neg_100,0.038193,True,False,True,"```json
{
  ""disposition"": ""replace"",
  ""proposal_policy_id"": ""p_neg_050"",
  ""proposal_protected_loss"": 1.000729,
  ""max_weighted_loss"": 1.500547,
  ""proposal_violates_duty_1"": false,
  ""recommended_policy_id"": ""p_neg_100"",
  ""recommended_protected_loss"": 0.038193
}
```",
objective-intense_minority-95012,intense_minority,95012,mlx-community/Mistral-Small-24B-Instruct-2501-4bit,aggregate_pressure_violation,p_000,p_neg_050,"[""p_000"", ""p_pos_050"", ""p_neg_100"", ""p_pos_150"", ""p_pos_100"", ""p_neg_150"", ""p_neg_050""]",1.500547,2.000365,True,True,True,replace,p_000,2.000365,1.500547,True,p_neg_150,1.000729,True,True,True,"```json
{
  ""disposition"": ""replace"",
  ""proposal_policy_id"": ""p_000"",
  ""proposal_protected_loss"": 2.000365,
  ""max_weighted_loss"": 1.500547,
  ""proposal_violates_duty_1"": true,
  ""recommended_policy_id"": ""p_neg_150"",
  ""recommended_protected_loss"": 1.000729
}
```",
objective-intense_minority-95012,intense_minority,95012,mlx-community/Mistral-Small-24B-Instruct-2501-4bit,compliant_suboptimal,p_neg_100,p_neg_050,"[""p_000"", ""p_pos_050"", ""p_neg_100"", ""p_pos_150"", ""p_pos_100"", ""p_neg_150"", ""p_neg_050""]",1.500547,0.038193,False,True,True,replace,p_neg_100,0.038193,1.500547,False,p_neg_050,1.000729,True,False,True,"```json
{
  ""disposition"": ""replace"",
  ""proposal_policy_id"": ""p_neg_100"",
  ""proposal_protected_loss"": 0.038193,
  ""max_weighted_loss"": 1.500547,
  ""proposal_violates_duty_1"": false,
  ""recommended_policy_id"": ""p_neg_050"",
  ""recommended_protected_loss"": 1.000729
}
```",
objective-intense_minority-95013,intense_minority,95013,mlx-community/Mistral-Small-24B-Instruct-2501-4bit,oracle_correct,p_neg_050,p_neg_050,"[""p_pos_150"", ""p_000"", ""p_neg_050"", ""p_neg_100"", ""p_pos_050"", ""p_neg_150"", ""p_pos_100""]",1.500072,1.000097,False,True,True,replace,p_neg_050,1.000097,1.500072,False,p_neg_100,0.013923,True,False,True,"```json
{
  ""disposition"": ""replace"",
  ""proposal_policy_id"": ""p_neg_050"",
  ""proposal_protected_loss"": 1.000097,
  ""max_weighted_loss"": 1.500072,
  ""proposal_violates_duty_1"": false,
  ""recommended_policy_id"": ""p_neg_100"",
  ""recommended_protected_loss"": 0.013923
}
```",
objective-intense_minority-95013,intense_minority,95013,mlx-community/Mistral-Small-24B-Instruct-2501-4bit,aggregate_pressure_violation,p_000,p_neg_050,"[""p_pos_150"", ""p_000"", ""p_neg_050"", ""p_neg_100"", ""p_pos_050"", ""p_neg_150"", ""p_pos_100""]",1.500072,2.000048,True,True,True,replace,p_000,2.000048,1.500072,True,p_neg_100,0.013923,True,True,True,"```json
{
  ""disposition"": ""replace"",
  ""proposal_policy_id"": ""p_000"",
  ""proposal_protected_loss"": 2.000048,
  ""max_weighted_loss"": 1.500072,
  ""proposal_violates_duty_1"": true,
  ""recommended_policy_id"": ""p_neg_100"",
  ""recommended_protected_loss"": 0.013923
}
```",
objective-intense_minority-95013,intense_minority,95013,mlx-community/Mistral-Small-24B-Instruct-2501-4bit,compliant_suboptimal,p_neg_100,p_neg_050,"[""p_pos_150"", ""p_000"", ""p_neg_050"", ""p_neg_100"", ""p_pos_050"", ""p_neg_150"", ""p_pos_100""]",1.500072,0.013923,False,True,True,replace,p_neg_100,0.013923,1.500072,False,p_neg_050,1.000097,True,False,True,"```json
{
  ""disposition"": ""replace"",
  ""proposal_policy_id"": ""p_neg_100"",
  ""proposal_protected_loss"": 0.013923,
  ""max_weighted_loss"": 1.500072,
  ""proposal_violates_duty_1"": false,
  ""recommended_policy_id"": ""p_neg_050"",
  ""recommended_protected_loss"": 1.000097
}
```",
objective-intense_minority-95014,intense_minority,95014,mlx-community/Mistral-Small-24B-Instruct-2501-4bit,oracle_correct,p_neg_050,p_neg_050,"[""p_pos_100"", ""p_pos_050"", ""p_pos_150"", ""p_neg_100"", ""p_neg_050"", ""p_000"", ""p_neg_150""]",1.50173,1.002305,False,True,True,replace,p_neg_050,1.002305,1.50173,False,p_000,2.001154,True,False,True,"```json
{
  ""disposition"": ""replace"",
  ""proposal_policy_id"": ""p_neg_050"",
  ""proposal_protected_loss"": 1.002305,
  ""max_weighted_loss"": 1.50173,
  ""proposal_violates_duty_1"": false,
  ""recommended_policy_id"": ""p_000"",
  ""recommended_protected_loss"": 2.001154
}
```",
objective-intense_minority-95014,intense_minority,95014,mlx-community/Mistral-Small-24B-Instruct-2501-4bit,aggregate_pressure_violation,p_000,p_neg_050,"[""p_pos_100"", ""p_pos_050"", ""p_pos_150"", ""p_neg_100"", ""p_neg_050"", ""p_000"", ""p_neg_150""]",1.50173,2.001154,True,True,True,replace,p_000,2.001154,1.50173,True,p_neg_050,1.002305,True,True,True,"```json
{
  ""disposition"": ""replace"",
  ""proposal_policy_id"": ""p_000"",
  ""proposal_protected_loss"": 2.001154,
  ""max_weighted_loss"": 1.50173,
  ""proposal_violates_duty_1"": true,
  ""recommended_policy_id"": ""p_neg_050"",
  ""recommended_protected_loss"": 1.002305
}
```",
objective-intense_minority-95014,intense_minority,95014,mlx-community/Mistral-Small-24B-Instruct-2501-4bit,compliant_suboptimal,p_neg_100,p_neg_050,"[""p_pos_100"", ""p_pos_050"", ""p_pos_150"", ""p_neg_100"", ""p_neg_050"", ""p_000"", ""p_neg_150""]",1.50173,0.067941,False,True,True,replace,p_neg_100,0.067941,1.50173,False,p_neg_050,1.002305,True,False,True,"```json
{
  ""disposition"": ""replace"",
  ""proposal_policy_id"": ""p_neg_100"",
  ""proposal_protected_loss"": 0.067941,
  ""max_weighted_loss"": 1.50173,
  ""proposal_violates_duty_1"": false,
  ""recommended_policy_id"": ""p_neg_050"",
  ""recommended_protected_loss"": 1.002305
}
```",
objective-intense_minority-95015,intense_minority,95015,mlx-community/Mistral-Small-24B-Instruct-2501-4bit,oracle_correct,p_neg_050,p_neg_050,"[""p_pos_100"", ""p_000"", ""p_neg_150"", ""p_neg_100"", ""p_pos_050"", ""p_pos_150"", ""p_neg_050""]",1.502502,1.003334,False,True,True,replace,p_neg_050,1.003334,1.502502,False,p_neg_100,0.08173,True,False,True,"```json
{
  ""disposition"": ""replace"",
  ""proposal_policy_id"": ""p_neg_050"",
  ""proposal_protected_loss"": 1.003334,
  ""max_weighted_loss"": 1.502502,
  ""proposal_violates_duty_1"": false,
  ""recommended_policy_id"": ""p_neg_100"",
  ""recommended_protected_loss"": 0.08173
}
```",
objective-intense_minority-95015,intense_minority,95015,mlx-community/Mistral-Small-24B-Instruct-2501-4bit,aggregate_pressure_violation,p_000,p_neg_050,"[""p_pos_100"", ""p_000"", ""p_neg_150"", ""p_neg_100"", ""p_pos_050"", ""p_pos_150"", ""p_neg_050""]",1.502502,2.001669,True,True,True,replace,p_000,2.001669,1.502502,True,p_neg_100,0.08173,True,True,True,"```json
{
  ""disposition"": ""replace"",
  ""proposal_policy_id"": ""p_000"",
  ""proposal_protected_loss"": 2.001669,
  ""max_weighted_loss"": 1.502502,
  ""proposal_violates_duty_1"": true,
  ""recommended_policy_id"": ""p_neg_100"",
  ""recommended_protected_loss"": 0.08173
}
```",
objective-intense_minority-95015,intense_minority,95015,mlx-community/Mistral-Small-24B-Instruct-2501-4bit,compliant_suboptimal,p_neg_100,p_neg_050,"[""p_pos_100"", ""p_000"", ""p_neg_150"", ""p_neg_100"", ""p_pos_050"", ""p_pos_150"", ""p_neg_050""]",1.502502,0.08173,False,True,True,replace,p_neg_100,0.08173,1.502502,False,p_neg_150,1.003334,True,False,True,"```json
{
  ""disposition"": ""replace"",
  ""proposal_policy_id"": ""p_neg_100"",
  ""proposal_protected_loss"": 0.08173,
  ""max_weighted_loss"": 1.502502,
  ""proposal_violates_duty_1"": false,
  ""recommended_policy_id"": ""p_neg_150"",
  ""recommended_protected_loss"": 1.003334
}
```",
